Year,Month,Mean,Anomaly,State
1996,1,22.2,-2.9,OK
1996,2,28,-1,OK
1996,3,31.4,-5.5,OK
1996,4,43.6,-3.4,OK
1996,5,61.5,5.1,OK
1996,6,65.4,0.1,OK
1996,7,69.5,0,OK
1996,8,67.7,-0.7,OK
1996,9,58.1,-2.5,OK
1996,10,48.4,-0.3,OK
1996,11,35.4,-0.9,OK
1996,12,28,0.2,OK
1997,1,25.2,0.1,OK
1997,2,32.8,3.8,OK
1997,3,38,1.1,OK
1997,4,42.6,-4.4,OK
1997,5,53.3,-3.1,OK
1997,6,62.9,-2.4,OK
1997,7,69.7,0.2,OK
1997,8,67,-1.4,OK
1997,9,62,1.4,OK
1997,10,49.9,1.2,OK
1997,11,35.2,-1.1,OK
1997,12,29.6,1.8,OK
1998,1,30.8,5.7,OK
1998,2,34.5,5.5,OK
1998,3,36.2,-0.7,OK
1998,4,44.1,-2.9,OK
1998,5,59.4,3,OK
1998,6,67.1,1.8,OK
1998,7,72.7,3.2,OK
1998,8,69.4,1,OK
1998,9,66.7,6.1,OK
1998,10,52.4,3.7,OK
1998,11,42.3,6,OK
1998,12,29.8,2,OK
1999,1,28.2,3.1,OK
1999,2,36.2,7.2,OK
1999,3,37.7,0.8,OK
1999,4,48.3,1.3,OK
1999,5,55.4,-1,OK
1999,6,65.2,-0.1,OK
1999,7,70.8,1.3,OK
1999,8,69.2,0.8,OK
1999,9,58.1,-2.5,OK
1999,10,47,-1.7,OK
1999,11,41.7,5.4,OK
1999,12,30.3,2.5,OK
2000,1,28.1,3,OK
2000,2,34.3,5.3,OK
2000,3,41.6,4.7,OK
2000,4,45.8,-1.2,OK
2000,5,58.3,1.9,OK
2000,6,64.2,-1.1,OK
2000,7,69.1,-0.4,OK
2000,8,70.9,2.5,OK
2000,9,59.6,-1,OK
2000,10,53.1,4.4,OK
2000,11,33.2,-3.1,OK
2000,12,21.4,-6.4,OK
2001,1,25.8,0.7,OK
2001,2,30.3,1.3,OK
2001,3,36.6,-0.3,OK
2001,4,51.2,4.2,OK
2001,5,57.2,0.8,OK
2001,6,64.7,-0.6,OK
2001,7,73.1,3.6,OK
2001,8,70.1,1.7,OK
2001,9,58.8,-1.8,OK
2001,10,46.6,-2.1,OK
2001,11,43.2,6.9,OK
2001,12,30.6,2.8,OK
2002,1,27.2,2.1,OK
2002,2,28.6,-0.4,OK
2002,3,33.2,-3.7,OK
2002,4,50.1,3.1,OK
2002,5,54.9,-1.5,OK
2002,6,66,0.7,OK
2002,7,69.6,0.1,OK
2002,8,69.4,1,OK
2002,9,61.1,0.5,OK
2002,10,47.5,-1.2,OK
2002,11,34.9,-1.4,OK
2002,12,30,2.2,OK
2003,1,25.2,0.1,OK
2003,2,27.5,-1.5,OK
2003,3,37,0.1,OK
2003,4,47.1,0.1,OK
2003,5,56.1,-0.3,OK
2003,6,62.2,-3.1,OK
2003,7,70.5,1,OK
2003,8,70,1.6,OK
2003,9,57.6,-3,OK
2003,10,49.5,0.8,OK
2003,11,39.8,3.5,OK
2003,12,30.1,2.3,OK
2004,1,27.5,2.4,OK
2004,2,28.2,-0.8,OK
2004,3,43.7,6.8,OK
2004,4,48.1,1.1,OK
2004,5,58.9,2.5,OK
2004,6,64.4,-0.9,OK
2004,7,67.2,-2.3,OK
2004,8,64.7,-3.7,OK
2004,9,60.3,-0.3,OK
2004,10,52.2,3.5,OK
2004,11,42,5.7,OK
2004,12,28.7,0.9,OK
2005,1,29.5,4.4,OK
2005,2,35,6,OK
2005,3,38.1,1.2,OK
2005,4,46.8,-0.2,OK
2005,5,56.1,-0.3,OK
2005,6,65.4,0.1,OK
2005,7,67.7,-1.8,OK
2005,8,69,0.6,OK
2005,9,63.3,2.7,OK
2005,10,49.6,0.9,OK
2005,11,38.1,1.8,OK
2005,12,25.3,-2.5,OK
2006,1,32.1,7,OK
2006,2,27.4,-1.6,OK
2006,3,41,4.1,OK
2006,4,51.7,4.7,OK
2006,5,58.1,1.7,OK
2006,6,64.6,-0.7,OK
2006,7,70.7,1.2,OK
2006,8,71.9,3.5,OK
2006,9,56,-4.6,OK
2006,10,47.7,-1,OK
2006,11,38.2,1.9,OK
2006,12,30.5,2.7,OK
2007,1,25.8,0.7,OK
2007,2,28,-1,OK
2007,3,46.9,10,OK
2007,4,44.3,-2.7,OK
2007,5,59.4,3,OK
2007,6,65.3,0,OK
2007,7,68.4,-1.1,OK
2007,8,71.5,3.1,OK
2007,9,62.8,2.2,OK
2007,10,51.1,2.4,OK
2007,11,37.7,1.4,OK
2007,12,27.4,-0.4,OK
2008,1,25.7,0.6,OK
2008,2,28.4,-0.6,OK
2008,3,37.5,0.6,OK
2008,4,44.5,-2.5,OK
2008,5,55.9,-0.5,OK
2008,6,66.8,1.5,OK
2008,7,69.7,0.2,OK
2008,8,68.4,0,OK
2008,9,58.5,-2.1,OK
2008,10,46.9,-1.8,OK
2008,11,36.9,0.6,OK
2008,12,25.9,-1.9,OK
2009,1,23.7,-1.4,OK
2009,2,33.3,4.3,OK
2009,3,39.8,2.9,OK
2009,4,45.3,-1.7,OK
2009,5,55.2,-1.2,OK
2009,6,67.3,2,OK
2009,7,68.2,-1.3,OK
2009,8,67,-1.4,OK
2009,9,59.6,-1,OK
2009,10,45,-3.7,OK
2009,11,41.5,5.2,OK
2009,12,23.8,-4,OK
2010,1,24.8,-0.3,OK
2010,2,27.5,-1.5,OK
2010,3,37.2,0.3,OK
2010,4,49.4,2.4,OK
2010,5,56.4,0,OK
2010,6,70,4.7,OK
2010,7,71.9,2.4,OK
2010,8,70.8,2.4,OK
2010,9,62.9,2.3,OK
2010,10,47.1,-1.6,OK
2010,11,37.5,1.2,OK
2010,12,28,0.2,OK
2011,1,21.9,-3.2,OK
2011,2,26.1,-2.9,OK
2011,3,40.2,3.3,OK
2011,4,47.7,0.7,OK
2011,5,55.1,-1.3,OK
2011,6,70,4.7,OK
2011,7,75.4,5.9,OK
2011,8,73.8,5.4,OK
2011,9,56.2,-4.4,OK
2011,10,47.8,-0.9,OK
2011,11,38.5,2.2,OK
2011,12,30,2.2,OK
2012,1,29,3.9,OK
2012,2,32.9,3.9,OK
2012,3,47.8,10.9,OK
2012,4,52.7,5.7,OK
2012,5,60.1,3.7,OK
2012,6,66.4,1.1,OK
2012,7,72.3,2.8,OK
2012,8,67.5,-0.9,OK
2012,9,61,0.4,OK
2012,10,46.6,-2.1,OK
2012,11,37.1,0.8,OK
2012,12,29.7,1.9,OK
2013,1,28,2.9,OK
2013,2,29.1,0.1,OK
2013,3,35.2,-1.7,OK
2013,4,42.3,-4.7,OK
2013,5,54.9,-1.5,OK
2013,6,66.5,1.2,OK
2013,7,68,-1.5,OK
2013,8,68.9,0.5,OK
2013,9,62.5,1.9,OK
2013,10,48.3,-0.4,OK
2013,11,35.4,-0.9,OK
2013,12,23.7,-4.1,OK
2014,1,22,-3.1,OK
2014,2,24.3,-4.7,OK
2014,3,32.3,-4.6,OK
2014,4,45.5,-1.5,OK
2014,5,55.8,-0.6,OK
2014,6,67.1,1.8,OK
2014,7,66.7,-2.8,OK
2014,8,68.4,0,OK
2014,9,61.8,1.2,OK
2014,10,51.2,2.5,OK
2014,11,32.1,-4.2,OK
2014,12,33.9,6.1,OK
2015,1,25.8,0.7,OK
2015,2,25.3,-3.7,OK
2015,3,39.1,2.2,OK
2015,4,49.8,2.8,OK
2015,5,56.4,0,OK
2015,6,67.6,2.3,OK
2015,7,71.3,1.8,OK
2015,8,67.3,-1.1,OK
2015,9,64.4,3.8,OK
2015,10,50.6,1.9,OK
2015,11,40.1,3.8,OK
2015,12,32.7,4.9,OK
2016,1,26.9,1.8,OK
2016,2,33.4,4.4,OK
2016,3,41.4,4.5,OK
2016,4,48.8,1.8,OK
2016,5,54.9,-1.5,OK
2016,6,67.7,2.4,OK
2016,7,71.7,2.2,OK
2016,8,69.3,0.9,OK
2016,9,63.1,2.5,OK
2016,10,53.9,5.2,OK
2016,11,42.7,6.4,OK
2016,12,26.7,-1.1,OK
2017,1,28.6,3.5,OK
2017,2,36.7,7.7,OK
2017,3,43,6.1,OK
2017,4,49.8,2.8,OK
2017,5,53.8,-2.6,OK
2017,6,66,0.7,OK
2017,7,70.8,1.3,OK
2017,8,67.1,-1.3,OK
2017,9,61.1,0.5,OK
2017,10,48.6,-0.1,OK
2017,11,40.4,4.1,OK
2017,12,28.9,1.1,OK
2018,1,23,-2.1,OK
2018,2,28.6,-0.4,OK
2018,3,39.4,2.5,OK
2018,4,39.8,-7.2,OK
2018,5,62.6,6.2,OK
2018,6,69,3.7,OK
2018,7,70.4,0.9,OK
2018,8,68.8,0.4,OK
2018,9,64.2,3.6,OK
2018,10,50,1.3,OK
2018,11,32,-4.3,OK
2018,12,30.1,2.3,OK
2019,1,27.7,2.6,OK
2019,2,30.1,1.1,OK
2019,3,35.8,-1.1,OK
2019,4,47.7,0.7,OK
2019,5,56.6,0.2,OK
2019,6,64.1,-1.2,OK
2019,7,69,-0.5,OK
2019,8,71.1,2.7,OK
2019,9,68.6,8,OK
2019,10,44.8,-3.9,OK
2019,11,33,-3.3,OK
2019,12,31.1,3.3,OK
2020,1,30.9,5.8,OK
2020,2,30.4,1.4,OK
2020,3,44.3,7.4,OK
2020,4,44.7,-2.3,OK
2020,5,55.5,-0.9,OK
2020,6,66.3,1,OK
2020,7,71.6,2.1,OK
2020,8,67,-1.4,OK
2020,9,58.8,-1.8,OK
2020,10,45.2,-3.5,OK
2020,11,40.6,4.3,OK
2020,12,28.6,0.8,OK
2021,1,29.3,4.2,OK
2021,2,20.6,-8.4,OK
2021,3,41.4,4.5,OK
2021,4,45,-2,OK
2021,5,55.9,-0.5,OK
2021,6,66.3,1,OK
2021,7,68.8,-0.7,OK
2021,8,70,1.6,OK
2021,9,62.5,1.9,OK
2021,10,51.2,2.5,OK
2021,11,37.8,1.5,OK
2021,12,36.2,8.4,OK
2022,1,22.2,-2.9,OK
2022,2,24.3,-4.7,OK
2022,3,35.7,-1.2,OK
2022,4,47.4,0.4,OK
2022,5,59,2.6,OK
2022,6,67.8,2.5,OK
2022,7,72.8,3.3,OK
2022,8,70.2,1.8,OK
2022,9,61.2,0.6,OK
2022,10,47.6,-1.1,OK
2022,11,36.1,-0.2,OK
2022,12,29.1,1.3,OK
2023,1,29.6,4.5,OK
2023,2,30.9,1.9,OK
2023,3,38.3,1.4,OK
2023,4,44.8,-2.2,OK
2023,5,57.7,1.3,OK
2023,6,65,-0.3,OK
2023,7,70,0.5,OK
2023,8,70.3,1.9,OK
2023,9,63.4,2.8,OK
2023,10,49.9,1.2,OK
2023,11,37.8,1.5,OK
2023,12,33.4,5.6,OK
2024,1,23.4,-1.7,OK
2024,2,36.1,7.1,OK
2024,3,41.6,4.7,OK
2024,4,49.9,2.9,OK
2024,5,59,2.6,OK
2024,6,69,3.7,OK
2024,7,69.7,0.2,OK
2024,8,70.7,2.3,OK
2024,9,60.8,0.2,OK
1996,1,37,-2.1,LA
1996,2,42.2,0.4,LA
1996,3,42.4,-5.6,LA
1996,4,52.5,-2.9,LA
1996,5,66.5,3.7,LA
1996,6,69,-0.4,LA
1996,7,72.6,0.8,LA
1996,8,70.9,-0.3,LA
1996,9,65.5,-0.9,LA
1996,10,55.8,0.6,LA
1996,11,48.6,2.7,LA
1996,12,43.9,3.4,LA
1997,1,40.2,1.1,LA
1997,2,45,3.2,LA
1997,3,53.2,5.2,LA
1997,4,51.6,-3.8,LA
1997,5,62,-0.8,LA
1997,6,69.2,-0.2,LA
1997,7,72.8,1,LA
1997,8,71.1,-0.1,LA
1997,9,66.7,0.3,LA
1997,10,55.4,0.2,LA
1997,11,44.8,-1.1,LA
1997,12,38.6,-1.9,LA
1998,1,44.1,5,LA
1998,2,42.8,1,LA
1998,3,47.1,-0.9,LA
1998,4,53,-2.4,LA
1998,5,66,3.2,LA
1998,6,73.4,4,LA
1998,7,74.9,3.1,LA
1998,8,73.2,2,LA
1998,9,71.7,5.3,LA
1998,10,59,3.8,LA
1998,11,52.1,6.2,LA
1998,12,44.6,4.1,LA
1999,1,42.8,3.7,LA
1999,2,46.5,4.7,LA
1999,3,47.2,-0.8,LA
1999,4,60,4.6,LA
1999,5,62.4,-0.4,LA
1999,6,70.6,1.2,LA
1999,7,72.8,1,LA
1999,8,73.2,2,LA
1999,9,63.4,-3,LA
1999,10,53.6,-1.6,LA
1999,11,45.6,-0.3,LA
1999,12,38.6,-1.9,LA
2000,1,41.8,2.7,LA
2000,2,45.4,3.6,LA
2000,3,52.1,4.1,LA
2000,4,53.3,-2.1,LA
2000,5,66.8,4,LA
2000,6,70.1,0.7,LA
2000,7,72.1,0.3,LA
2000,8,72.2,1,LA
2000,9,65.8,-0.6,LA
2000,10,54.4,-0.8,LA
2000,11,45.5,-0.4,LA
2000,12,33.8,-6.7,LA
2001,1,35.7,-3.4,LA
2001,2,46,4.2,LA
2001,3,45.1,-2.9,LA
2001,4,59.6,4.2,LA
2001,5,63.1,0.3,LA
2001,6,69,-0.4,LA
2001,7,72.9,1.1,LA
2001,8,72.5,1.3,LA
2001,9,65.8,-0.6,LA
2001,10,51.8,-3.4,LA
2001,11,49.3,3.4,LA
2001,12,43.6,3.1,LA
2002,1,40.7,1.6,LA
2002,2,37.7,-4.1,LA
2002,3,46.9,-1.1,LA
2002,4,59.8,4.4,LA
2002,5,63.2,0.4,LA
2002,6,69.2,-0.2,LA
2002,7,72.6,0.8,LA
2002,8,72,0.8,LA
2002,9,69.6,3.2,LA
2002,10,61.6,6.4,LA
2002,11,45,-0.9,LA
2002,12,40.4,-0.1,LA
2003,1,34.7,-4.4,LA
2003,2,41.6,-0.2,LA
2003,3,48.2,0.2,LA
2003,4,55.2,-0.2,LA
2003,5,66.6,3.8,LA
2003,6,70.6,1.2,LA
2003,7,72.2,0.4,LA
2003,8,72.9,1.7,LA
2003,9,65.7,-0.7,LA
2003,10,55.8,0.6,LA
2003,11,50.2,4.3,LA
2003,12,37.3,-3.2,LA
2004,1,39.8,0.7,LA
2004,2,40,-1.8,LA
2004,3,52.2,4.2,LA
2004,4,54.7,-0.7,LA
2004,5,64.4,1.6,LA
2004,6,70.7,1.3,LA
2004,7,72,0.2,LA
2004,8,69.1,-2.1,LA
2004,9,66.9,0.5,LA
2004,10,64.8,9.6,LA
2004,11,52.9,7,LA
2004,12,38.3,-2.2,LA
2005,1,44.7,5.6,LA
2005,2,47.1,5.3,LA
2005,3,47.1,-0.9,LA
2005,4,53.8,-1.6,LA
2005,5,60.8,-2,LA
2005,6,69.7,0.3,LA
2005,7,73,1.2,LA
2005,8,72.7,1.5,LA
2005,9,69.9,3.5,LA
2005,10,53.9,-1.3,LA
2005,11,49,3.1,LA
2005,12,37.4,-3.1,LA
2006,1,43.8,4.7,LA
2006,2,39.8,-2,LA
2006,3,50.9,2.9,LA
2006,4,59.7,4.3,LA
2006,5,63.2,0.4,LA
2006,6,68.7,-0.7,LA
2006,7,72.5,0.7,LA
2006,8,73.4,2.2,LA
2006,9,64.4,-2,LA
2006,10,56.3,1.1,LA
2006,11,45.7,-0.2,LA
2006,12,41.8,1.3,LA
2007,1,41,1.9,LA
2007,2,39.5,-2.3,LA
2007,3,51.4,3.4,LA
2007,4,52.9,-2.5,LA
2007,5,63.6,0.8,LA
2007,6,70.4,1,LA
2007,7,71.9,0.1,LA
2007,8,73.8,2.6,LA
2007,9,68.9,2.5,LA
2007,10,57.5,2.3,LA
2007,11,48.7,2.8,LA
2007,12,44.6,4.1,LA
2008,1,38.4,-0.7,LA
2008,2,43,1.2,LA
2008,3,48.1,0.1,LA
2008,4,55.4,0,LA
2008,5,63.8,1,LA
2008,6,71.3,1.9,LA
2008,7,72.2,0.4,LA
2008,8,72.2,1,LA
2008,9,66.2,-0.2,LA
2008,10,53.5,-1.7,LA
2008,11,44.6,-1.3,LA
2008,12,41.6,1.1,LA
2009,1,39,-0.1,LA
2009,2,44,2.2,LA
2009,3,49.6,1.6,LA
2009,4,54.4,-1,LA
2009,5,65.1,2.3,LA
2009,6,70.9,1.5,LA
2009,7,72.7,0.9,LA
2009,8,71.5,0.3,LA
2009,9,68.9,2.5,LA
2009,10,57.1,1.9,LA
2009,11,47.2,1.3,LA
2009,12,39.5,-1,LA
2010,1,35.2,-3.9,LA
2010,2,35.8,-6,LA
2010,3,43.4,-4.6,LA
2010,4,55.8,0.4,LA
2010,5,66.7,3.9,LA
2010,6,74,4.6,LA
2010,7,74.6,2.8,LA
2010,8,75.5,4.3,LA
2010,9,68.4,2,LA
2010,10,53.6,-1.6,LA
2010,11,47.6,1.7,LA
2010,12,36.6,-3.9,LA
2011,1,36.7,-2.4,LA
2011,2,41.4,-0.4,LA
2011,3,50.4,2.4,LA
2011,4,58.9,3.5,LA
2011,5,62.6,-0.2,LA
2011,6,72.7,3.3,LA
2011,7,74.6,2.8,LA
2011,8,75.1,3.9,LA
2011,9,64.4,-2,LA
2011,10,51.2,-4,LA
2011,11,48.1,2.2,LA
2011,12,41.5,1,LA
2012,1,43.9,4.8,LA
2012,2,47.6,5.8,LA
2012,3,57.3,9.3,LA
2012,4,58.6,3.2,LA
2012,5,65.6,2.8,LA
2012,6,70.1,0.7,LA
2012,7,73.2,1.4,LA
2012,8,72.8,1.6,LA
2012,9,67.2,0.8,LA
2012,10,53.8,-1.4,LA
2012,11,43.8,-2.1,LA
2012,12,44.3,3.8,LA
2013,1,43.5,4.4,LA
2013,2,44.2,2.4,LA
2013,3,43,-5,LA
2013,4,53.8,-1.6,LA
2013,5,61.7,-1.1,LA
2013,6,71.6,2.2,LA
2013,7,71,-0.8,LA
2013,8,72,0.8,LA
2013,9,68.9,2.5,LA
2013,10,58.3,3.1,LA
2013,11,44.5,-1.4,LA
2013,12,39.9,-0.6,LA
2014,1,31,-8.1,LA
2014,2,40.4,-1.4,LA
2014,3,43.6,-4.4,LA
2014,4,54.8,-0.6,LA
2014,5,61.4,-1.4,LA
2014,6,71.3,1.9,LA
2014,7,70.6,-1.2,LA
2014,8,72.1,0.9,LA
2014,9,68.7,2.3,LA
2014,10,57,1.8,LA
2014,11,41.7,-4.2,LA
2014,12,44.4,3.9,LA
2015,1,36.5,-2.6,LA
2015,2,36.7,-5.1,LA
2015,3,50.5,2.5,LA
2015,4,60.9,5.5,LA
2015,5,65.5,2.7,LA
2015,6,71.5,2.1,LA
2015,7,74.6,2.8,LA
2015,8,71.7,0.5,LA
2015,9,67.7,1.3,LA
2015,10,57.9,2.7,LA
2015,11,53.5,7.6,LA
2015,12,49.2,8.7,LA
2016,1,38.5,-0.6,LA
2016,2,43.4,1.6,LA
2016,3,53.7,5.7,LA
2016,4,58.5,3.1,LA
2016,5,63.7,0.9,LA
2016,6,72.1,2.7,LA
2016,7,74.4,2.6,LA
2016,8,74.2,3,LA
2016,9,70.5,4.1,LA
2016,10,58.6,3.4,LA
2016,11,50.3,4.4,LA
2016,12,45.8,5.3,LA
2017,1,47.5,8.4,LA
2017,2,51.2,9.4,LA
2017,3,53.9,5.9,LA
2017,4,58.4,3,LA
2017,5,61.8,-1,LA
2017,6,70.6,1.2,LA
2017,7,73.5,1.7,LA
2017,8,73.4,2.2,LA
2017,9,66.5,0.1,LA
2017,10,57.3,2.1,LA
2017,11,50.4,4.5,LA
2017,12,41.2,0.7,LA
2018,1,33.5,-5.6,LA
2018,2,51.6,9.8,LA
2018,3,51.2,3.2,LA
2018,4,50.8,-4.6,LA
2018,5,66.6,3.8,LA
2018,6,72.7,3.3,LA
2018,7,73.8,2,LA
2018,8,72.1,0.9,LA
2018,9,72.1,5.7,LA
2018,10,61.2,6,LA
2018,11,45.2,-0.7,LA
2018,12,43.8,3.3,LA
2019,1,39.9,0.8,LA
2019,2,48.8,7,LA
2019,3,47.5,-0.5,LA
2019,4,54.8,-0.6,LA
2019,5,67,4.2,LA
2019,6,70.6,1.2,LA
2019,7,73,1.2,LA
2019,8,74.4,3.2,LA
2019,9,71.3,4.9,LA
2019,10,58.6,3.4,LA
2019,11,42.4,-3.5,LA
2019,12,43.5,3,LA
2020,1,44.6,5.5,LA
2020,2,44.4,2.6,LA
2020,3,58.2,10.2,LA
2020,4,56.1,0.7,LA
2020,5,63.2,0.4,LA
2020,6,70.5,1.1,LA
2020,7,74.6,2.8,LA
2020,8,72.3,1.1,LA
2020,9,69.1,2.7,LA
2020,10,57.4,2.2,LA
2020,11,50.3,4.4,LA
2020,12,39.9,-0.6,LA
2021,1,41.2,2.1,LA
2021,2,38.4,-3.4,LA
2021,3,51.5,3.5,LA
2021,4,54.4,-1,LA
2021,5,63.8,1,LA
2021,6,72,2.6,LA
2021,7,73.2,1.4,LA
2021,8,73.5,2.3,LA
2021,9,67.4,1,LA
2021,10,61.2,6,LA
2021,11,44.2,-1.7,LA
2021,12,53,12.5,LA
2022,1,35.7,-3.4,LA
2022,2,39.3,-2.5,LA
2022,3,46.2,-1.8,LA
2022,4,56.3,0.9,LA
2022,5,66.8,4,LA
2022,6,72.5,3.1,LA
2022,7,74.5,2.7,LA
2022,8,73.6,2.4,LA
2022,9,66.1,-0.3,LA
2022,10,52.3,-2.9,LA
2022,11,47.7,1.8,LA
2022,12,44.8,4.3,LA
2023,1,46.1,7,LA
2023,2,48.5,6.7,LA
2023,3,53,5,LA
2023,4,56.3,0.9,LA
2023,5,64.7,1.9,LA
2023,6,71.8,2.4,LA
2023,7,74.7,2.9,LA
2023,8,76,4.8,LA
2023,9,69.2,2.8,LA
2023,10,57.9,2.7,LA
2023,11,48,2.1,LA
2023,12,42,1.5,LA
2024,1,36.3,-2.8,LA
2024,2,46.8,5,LA
2024,3,51.6,3.6,LA
2024,4,58.9,3.5,LA
2024,5,68.5,5.7,LA
2024,6,71.9,2.5,LA
2024,7,74.1,2.3,LA
2024,8,73.5,2.3,LA
2024,9,68.6,2.2,LA
1996,1,30.8,-2.3,TX
1996,2,38.7,2,TX
1996,3,38.8,-4.5,TX
1996,4,49.4,-2.4,TX
1996,5,66,5.8,TX
1996,6,68.8,1.3,TX
1996,7,71.9,1.6,TX
1996,8,69.8,0.3,TX
1996,9,62.9,-0.8,TX
1996,10,53.1,-0.2,TX
1996,11,43.9,1.9,TX
1996,12,36.4,1.6,TX
1997,1,33.7,0.6,TX
1997,2,38.9,2.2,TX
1997,3,46.7,3.4,TX
1997,4,48.1,-3.7,TX
1997,5,59,-1.2,TX
1997,6,66.4,-1.1,TX
1997,7,70.8,0.5,TX
1997,8,69.8,0.3,TX
1997,9,65.6,1.9,TX
1997,10,53.9,0.6,TX
1997,11,40.8,-1.2,TX
1997,12,33.2,-1.6,TX
1998,1,38.1,5,TX
1998,2,39.4,2.7,TX
1998,3,42.7,-0.6,TX
1998,4,48.7,-3.1,TX
1998,5,63.2,3,TX
1998,6,70.8,3.3,TX
1998,7,73.6,3.3,TX
1998,8,70.6,1.1,TX
1998,9,68.1,4.4,TX
1998,10,57.7,4.4,TX
1998,11,48.1,6.1,TX
1998,12,36.7,1.9,TX
1999,1,36.5,3.4,TX
1999,2,42.2,5.5,TX
1999,3,45.7,2.4,TX
1999,4,54.1,2.3,TX
1999,5,60.9,0.7,TX
1999,6,68.8,1.3,TX
1999,7,70.6,0.3,TX
1999,8,71.1,1.6,TX
1999,9,62.8,-0.9,TX
1999,10,51,-2.3,TX
1999,11,44.7,2.7,TX
1999,12,35,0.2,TX
2000,1,37.3,4.2,TX
2000,2,43,6.3,TX
2000,3,48.4,5.1,TX
2000,4,52.7,0.9,TX
2000,5,64.6,4.4,TX
2000,6,68.6,1.1,TX
2000,7,71.3,1,TX
2000,8,70.7,1.2,TX
2000,9,63.4,-0.3,TX
2000,10,57,3.7,TX
2000,11,40.8,-1.2,TX
2000,12,31.5,-3.3,TX
2001,1,33.5,0.4,TX
2001,2,40.4,3.7,TX
2001,3,42.6,-0.7,TX
2001,4,55.6,3.8,TX
2001,5,61.8,1.6,TX
2001,6,68.5,1,TX
2001,7,72.7,2.4,TX
2001,8,70.9,1.4,TX
2001,9,63.1,-0.6,TX
2001,10,51.7,-1.6,TX
2001,11,47.9,5.9,TX
2001,12,37.4,2.6,TX
2002,1,35.7,2.6,TX
2002,2,33.7,-3,TX
2002,3,41.7,-1.6,TX
2002,4,57.5,5.7,TX
2002,5,61.4,1.2,TX
2002,6,68.8,1.3,TX
2002,7,70.6,0.3,TX
2002,8,71,1.5,TX
2002,9,63.9,0.2,TX
2002,10,55.6,2.3,TX
2002,11,41,-1,TX
2002,12,36.3,1.5,TX
2003,1,33.7,0.6,TX
2003,2,37.3,0.6,TX
2003,3,44.5,1.2,TX
2003,4,52.9,1.1,TX
2003,5,63.3,3.1,TX
2003,6,66.9,-0.6,TX
2003,7,70.5,0.2,TX
2003,8,70.6,1.1,TX
2003,9,62.9,-0.8,TX
2003,10,55,1.7,TX
2003,11,46.7,4.7,TX
2003,12,34.8,0,TX
2004,1,37.7,4.6,TX
2004,2,36.3,-0.4,TX
2004,3,50.8,7.5,TX
2004,4,53,1.2,TX
2004,5,62,1.8,TX
2004,6,67.7,0.2,TX
2004,7,69.6,-0.7,TX
2004,8,67.8,-1.7,TX
2004,9,63.5,-0.2,TX
2004,10,59,5.7,TX
2004,11,45.7,3.7,TX
2004,12,34.8,0,TX
2005,1,39.6,6.5,TX
2005,2,42.6,5.9,TX
2005,3,43.7,0.4,TX
2005,4,50.3,-1.5,TX
2005,5,60.1,-0.1,TX
2005,6,68.1,0.6,TX
2005,7,70.3,0,TX
2005,8,69.7,0.2,TX
2005,9,66.6,2.9,TX
2005,10,53.7,0.4,TX
2005,11,44,2,TX
2005,12,33.1,-1.7,TX
2006,1,37.5,4.4,TX
2006,2,36.2,-0.5,TX
2006,3,48.7,5.4,TX
2006,4,57,5.2,TX
2006,5,62.2,2,TX
2006,6,67.6,0.1,TX
2006,7,71.4,1.1,TX
2006,8,71.7,2.2,TX
2006,9,61.9,-1.8,TX
2006,10,54.2,0.9,TX
2006,11,44.1,2.1,TX
2006,12,36.3,1.5,TX
2007,1,33,-0.1,TX
2007,2,36.5,-0.2,TX
2007,3,50,6.7,TX
2007,4,49.4,-2.4,TX
2007,5,61.2,1,TX
2007,6,67.2,-0.3,TX
2007,7,69.1,-1.2,TX
2007,8,71,1.5,TX
2007,9,66.1,2.4,TX
2007,10,54.6,1.3,TX
2007,11,44.8,2.8,TX
2007,12,35.6,0.8,TX
2008,1,33.2,0.1,TX
2008,2,38,1.3,TX
2008,3,44.2,0.9,TX
2008,4,50.9,-0.9,TX
2008,5,61.4,1.2,TX
2008,6,70.3,2.8,TX
2008,7,70.1,-0.2,TX
2008,8,69.8,0.3,TX
2008,9,61.4,-2.3,TX
2008,10,51.5,-1.8,TX
2008,11,42.6,0.6,TX
2008,12,34.3,-0.5,TX
2009,1,32.7,-0.4,TX
2009,2,40.6,3.9,TX
2009,3,46.3,3,TX
2009,4,51.1,-0.7,TX
2009,5,61.5,1.3,TX
2009,6,69.1,1.6,TX
2009,7,71.8,1.5,TX
2009,8,70.6,1.1,TX
2009,9,63.2,-0.5,TX
2009,10,52.7,-0.6,TX
2009,11,43.6,1.6,TX
2009,12,32.3,-2.5,TX
2010,1,32.4,-0.7,TX
2010,2,33.9,-2.8,TX
2010,3,41.4,-1.9,TX
2010,4,52.7,0.9,TX
2010,5,61.5,1.3,TX
2010,6,71.1,3.6,TX
2010,7,71.8,1.5,TX
2010,8,71.7,2.2,TX
2010,9,66.2,2.5,TX
2010,10,52.3,-1,TX
2010,11,42.3,0.3,TX
2010,12,35.4,0.6,TX
2011,1,31.7,-1.4,TX
2011,2,34.5,-2.2,TX
2011,3,47.5,4.2,TX
2011,4,54.9,3.1,TX
2011,5,60.3,0.1,TX
2011,6,71.4,3.9,TX
2011,7,74.2,3.9,TX
2011,8,74.7,5.2,TX
2011,9,63.1,-0.6,TX
2011,10,52.8,-0.5,TX
2011,11,43.5,1.5,TX
2011,12,36.5,1.7,TX
2012,1,36.5,3.4,TX
2012,2,40.6,3.9,TX
2012,3,50.8,7.5,TX
2012,4,56.6,4.8,TX
2012,5,63.3,3.1,TX
2012,6,69.6,2.1,TX
2012,7,71.6,1.3,TX
2012,8,71,1.5,TX
2012,9,64.1,0.4,TX
2012,10,53.2,-0.1,TX
2012,11,44.6,2.6,TX
2012,12,37.4,2.6,TX
2013,1,36.4,3.3,TX
2013,2,38.4,1.7,TX
2013,3,42.6,-0.7,TX
2013,4,48.9,-2.9,TX
2013,5,59.8,-0.4,TX
2013,6,69.7,2.2,TX
2013,7,69.9,-0.4,TX
2013,8,70.8,1.3,TX
2013,9,66.2,2.5,TX
2013,10,54.2,0.9,TX
2013,11,41.5,-0.5,TX
2013,12,32.9,-1.9,TX
2014,1,30,-3.1,TX
2014,2,35.7,-1,TX
2014,3,40.7,-2.6,TX
2014,4,51.7,-0.1,TX
2014,5,59,-1.2,TX
2014,6,69.8,2.3,TX
2014,7,70.3,0,TX
2014,8,70.6,1.1,TX
2014,9,66.2,2.5,TX
2014,10,56.4,3.1,TX
2014,11,39.4,-2.6,TX
2014,12,40.9,6.1,TX
2015,1,33.3,0.2,TX
2015,2,36.1,-0.6,TX
2015,3,45,1.7,TX
2015,4,55,3.2,TX
2015,5,61.3,1.1,TX
2015,6,68.6,1.1,TX
2015,7,71.9,1.6,TX
2015,8,70.5,1,TX
2015,9,66.9,3.2,TX
2015,10,56.8,3.5,TX
2015,11,46.3,4.3,TX
2015,12,38.8,4,TX
2016,1,34,0.9,TX
2016,2,39.7,3,TX
2016,3,48.2,4.9,TX
2016,4,53.5,1.7,TX
2016,5,60.4,0.2,TX
2016,6,68.9,1.4,TX
2016,7,73.4,3.1,TX
2016,8,70.9,1.4,TX
2016,9,66.7,3,TX
2016,10,57.7,4.4,TX
2016,11,49.6,7.6,TX
2016,12,38.9,4.1,TX
2017,1,38.6,5.5,TX
2017,2,44.8,8.1,TX
2017,3,50.7,7.4,TX
2017,4,54.2,2.4,TX
2017,5,59,-1.2,TX
2017,6,68.8,1.3,TX
2017,7,71.6,1.3,TX
2017,8,70.1,0.6,TX
2017,9,64.6,0.9,TX
2017,10,53.1,-0.2,TX
2017,11,47.4,5.4,TX
2017,12,35.9,1.1,TX
2018,1,29.9,-3.2,TX
2018,2,40,3.3,TX
2018,3,48.4,5.1,TX
2018,4,48.2,-3.6,TX
2018,5,65.1,4.9,TX
2018,6,71.9,4.4,TX
2018,7,72,1.7,TX
2018,8,71.1,1.6,TX
2018,9,66.8,3.1,TX
2018,10,56.1,2.8,TX
2018,11,40,-2,TX
2018,12,37.4,2.6,TX
2019,1,35.5,2.4,TX
2019,2,40.5,3.8,TX
2019,3,44.2,0.9,TX
2019,4,51.8,0,TX
2019,5,62.1,1.9,TX
2019,6,67.4,-0.1,TX
2019,7,70.8,0.5,TX
2019,8,73.4,3.9,TX
2019,9,69.9,6.2,TX
2019,10,52.1,-1.2,TX
2019,11,40.5,-1.5,TX
2019,12,37,2.2,TX
2020,1,38.7,5.6,TX
2020,2,37.3,0.6,TX
2020,3,52.6,9.3,TX
2020,4,52,0.2,TX
2020,5,61.4,1.2,TX
2020,6,68.4,0.9,TX
2020,7,73.4,3.1,TX
2020,8,71.4,1.9,TX
2020,9,62.6,-1.1,TX
2020,10,51.8,-1.5,TX
2020,11,47,5,TX
2020,12,34.3,-0.5,TX
2021,1,35.7,2.6,TX
2021,2,32,-4.7,TX
2021,3,46.2,2.9,TX
2021,4,51.3,-0.5,TX
2021,5,61.3,1.1,TX
2021,6,69.4,1.9,TX
2021,7,70.6,0.3,TX
2021,8,71,1.5,TX
2021,9,64.9,1.2,TX
2021,10,56.4,3.1,TX
2021,11,43.9,1.9,TX
2021,12,46,11.2,TX
2022,1,31.3,-1.8,TX
2022,2,31.6,-5.1,TX
2022,3,41.5,-1.8,TX
2022,4,55,3.2,TX
2022,5,64.6,4.4,TX
2022,6,71.1,3.6,TX
2022,7,74.3,4,TX
2022,8,72.3,2.8,TX
2022,9,65.3,1.6,TX
2022,10,53.1,-0.2,TX
2022,11,43.2,1.2,TX
2022,12,38.9,4.1,TX
2023,1,38.7,5.6,TX
2023,2,39.5,2.8,TX
2023,3,48,4.7,TX
2023,4,51.6,-0.2,TX
2023,5,62.3,2.1,TX
2023,6,69.8,2.3,TX
2023,7,73.7,3.4,TX
2023,8,73.9,4.4,TX
2023,9,69,5.3,TX
2023,10,56.5,3.2,TX
2023,11,45.4,3.4,TX
2023,12,39.3,4.5,TX
2024,1,32.3,-0.8,TX
2024,2,43.2,6.5,TX
2024,3,48.3,5,TX
2024,4,55.4,3.6,TX
2024,5,65.2,5,TX
2024,6,71.9,4.4,TX
2024,7,71.6,1.3,TX
2024,8,73.3,3.8,TX
2024,9,65.6,1.9,TX
1996,1,32.7,-1.7,MS
1996,2,37,-0.1,MS
1996,3,39,-4.8,MS
1996,4,47.8,-3.7,MS
1996,5,63.1,3.6,MS
1996,6,67.2,0.4,MS
1996,7,70,0.2,MS
1996,8,68.2,-0.7,MS
1996,9,61.8,-1.5,MS
1996,10,51.8,0.6,MS
1996,11,43.3,1.8,MS
1996,12,39,3,MS
1997,1,35.3,0.9,MS
1997,2,41.5,4.4,MS
1997,3,48.3,4.5,MS
1997,4,47.4,-4.1,MS
1997,5,57.3,-2.2,MS
1997,6,67,0.2,MS
1997,7,71,1.2,MS
1997,8,68,-0.9,MS
1997,9,63.2,-0.1,MS
1997,10,50.9,-0.3,MS
1997,11,40.2,-1.3,MS
1997,12,35.2,-0.8,MS
1998,1,39.3,4.9,MS
1998,2,39.7,2.6,MS
1998,3,44.1,0.3,MS
1998,4,50.5,-1,MS
1998,5,62.3,2.8,MS
1998,6,70.9,4.1,MS
1998,7,72.9,3.1,MS
1998,8,70.3,1.4,MS
1998,9,68,4.7,MS
1998,10,54.4,3.2,MS
1998,11,46.7,5.2,MS
1998,12,40.9,4.9,MS
1999,1,38.5,4.1,MS
1999,2,41.4,4.3,MS
1999,3,41.6,-2.2,MS
1999,4,56.5,5,MS
1999,5,58.6,-0.9,MS
1999,6,68.4,1.6,MS
1999,7,71.4,1.6,MS
1999,8,69.7,0.8,MS
1999,9,59.9,-3.4,MS
1999,10,50.2,-1,MS
1999,11,42.7,1.2,MS
1999,12,35.8,-0.2,MS
2000,1,36.7,2.3,MS
2000,2,39.8,2.7,MS
2000,3,47.3,3.5,MS
2000,4,49.1,-2.4,MS
2000,5,63.2,3.7,MS
2000,6,66.9,0.1,MS
2000,7,69.5,-0.3,MS
2000,8,69.8,0.9,MS
2000,9,63.1,-0.2,MS
2000,10,50.3,-0.9,MS
2000,11,41.6,0.1,MS
2000,12,27.9,-8.1,MS
2001,1,30.6,-3.8,MS
2001,2,41.3,4.2,MS
2001,3,41.3,-2.5,MS
2001,4,55.3,3.8,MS
2001,5,59.2,-0.3,MS
2001,6,66.2,-0.6,MS
2001,7,70.8,1,MS
2001,8,69.9,1,MS
2001,9,62.3,-1,MS
2001,10,47.2,-4,MS
2001,11,44,2.5,MS
2001,12,39.6,3.6,MS
2002,1,36.5,2.1,MS
2002,2,33.9,-3.2,MS
2002,3,42.7,-1.1,MS
2002,4,55.6,4.1,MS
2002,5,59.2,-0.3,MS
2002,6,66.8,0,MS
2002,7,70.8,1,MS
2002,8,69.7,0.8,MS
2002,9,67.6,4.3,MS
2002,10,58.7,7.5,MS
2002,11,40.5,-1,MS
2002,12,35.8,-0.2,MS
2003,1,29.2,-5.2,MS
2003,2,37.1,0,MS
2003,3,45.3,1.5,MS
2003,4,51.9,0.4,MS
2003,5,62.8,3.3,MS
2003,6,66.8,0,MS
2003,7,70,0.2,MS
2003,8,70.6,1.7,MS
2003,9,62,-1.3,MS
2003,10,52.1,0.9,MS
2003,11,46.4,4.9,MS
2003,12,32.8,-3.2,MS
2004,1,34,-0.4,MS
2004,2,35.9,-1.2,MS
2004,3,47.3,3.5,MS
2004,4,49.5,-2,MS
2004,5,62.3,2.8,MS
2004,6,68.5,1.7,MS
2004,7,69.5,-0.3,MS
2004,8,65.7,-3.2,MS
2004,9,63.4,0.1,MS
2004,10,60.1,8.9,MS
2004,11,49.4,7.9,MS
2004,12,33.5,-2.5,MS
2005,1,40.2,5.8,MS
2005,2,42.3,5.2,MS
2005,3,42.5,-1.3,MS
2005,4,50.3,-1.2,MS
2005,5,56.9,-2.6,MS
2005,6,67.2,0.4,MS
2005,7,71.3,1.5,MS
2005,8,71.1,2.2,MS
2005,9,66.2,2.9,MS
2005,10,50.2,-1,MS
2005,11,43.4,1.9,MS
2005,12,32.2,-3.8,MS
2006,1,39.8,5.4,MS
2006,2,35.1,-2,MS
2006,3,45,1.2,MS
2006,4,55.6,4.1,MS
2006,5,60,0.5,MS
2006,6,65.8,-1,MS
2006,7,70.3,0.5,MS
2006,8,71.5,2.6,MS
2006,9,60.6,-2.7,MS
2006,10,50.2,-1,MS
2006,11,40.6,-0.9,MS
2006,12,37.7,1.7,MS
2007,1,36.8,2.4,MS
2007,2,34.1,-3,MS
2007,3,47.2,3.4,MS
2007,4,48.5,-3,MS
2007,5,59.6,0.1,MS
2007,6,67.2,0.4,MS
2007,7,69.5,-0.3,MS
2007,8,71.9,3,MS
2007,9,65.9,2.6,MS
2007,10,54.6,3.4,MS
2007,11,42.8,1.3,MS
2007,12,40.9,4.9,MS
2008,1,33,-1.4,MS
2008,2,37.9,0.8,MS
2008,3,43.2,-0.6,MS
2008,4,50.9,-0.6,MS
2008,5,59.7,0.2,MS
2008,6,68,1.2,MS
2008,7,69.2,-0.6,MS
2008,8,68.9,0,MS
2008,9,64.4,1.1,MS
2008,10,49.9,-1.3,MS
2008,11,39.2,-2.3,MS
2008,12,37.6,1.6,MS
2009,1,34.1,-0.3,MS
2009,2,37.8,0.7,MS
2009,3,46.5,2.7,MS
2009,4,50.2,-1.3,MS
2009,5,62.4,2.9,MS
2009,6,68.5,1.7,MS
2009,7,68.6,-1.2,MS
2009,8,68.3,-0.6,MS
2009,9,66.8,3.5,MS
2009,10,52.6,1.4,MS
2009,11,42.5,1,MS
2009,12,35.3,-0.7,MS
2010,1,30.1,-4.3,MS
2010,2,30.9,-6.2,MS
2010,3,40.5,-3.3,MS
2010,4,51.5,0,MS
2010,5,63.5,4,MS
2010,6,71.7,4.9,MS
2010,7,72.7,2.9,MS
2010,8,73.3,4.4,MS
2010,9,63.4,0.1,MS
2010,10,48.8,-2.4,MS
2010,11,43.3,1.8,MS
2010,12,30.8,-5.2,MS
2011,1,32.1,-2.3,MS
2011,2,38.3,1.2,MS
2011,3,45.4,1.6,MS
2011,4,54.4,2.9,MS
2011,5,58.5,-1,MS
2011,6,70.2,3.4,MS
2011,7,72.6,2.8,MS
2011,8,71.1,2.2,MS
2011,9,61,-2.3,MS
2011,10,46.9,-4.3,MS
2011,11,44.3,2.8,MS
2011,12,37.8,1.8,MS
2012,1,38.9,4.5,MS
2012,2,42.6,5.5,MS
2012,3,54,10.2,MS
2012,4,53.6,2.1,MS
2012,5,62.3,2.8,MS
2012,6,66.3,-0.5,MS
2012,7,71.8,2,MS
2012,8,69.4,0.5,MS
2012,9,63.3,0,MS
2012,10,49.8,-1.4,MS
2012,11,38.2,-3.3,MS
2012,12,41.1,5.1,MS
2013,1,39.8,5.4,MS
2013,2,38.5,1.4,MS
2013,3,38,-5.8,MS
2013,4,50.2,-1.3,MS
2013,5,58.1,-1.4,MS
2013,6,68.7,1.9,MS
2013,7,69,-0.8,MS
2013,8,69.3,0.4,MS
2013,9,65.1,1.8,MS
2013,10,54.5,3.3,MS
2013,11,39.7,-1.8,MS
2013,12,36.6,0.6,MS
2014,1,25.7,-8.7,MS
2014,2,35.8,-1.3,MS
2014,3,39,-4.8,MS
2014,4,50.7,-0.8,MS
2014,5,59.4,-0.1,MS
2014,6,69.2,2.4,MS
2014,7,67.2,-2.6,MS
2014,8,69.1,0.2,MS
2014,9,65.8,2.5,MS
2014,10,53.6,2.4,MS
2014,11,36.6,-4.9,MS
2014,12,40.7,4.7,MS
2015,1,32.9,-1.5,MS
2015,2,31,-6.1,MS
2015,3,47.4,3.6,MS
2015,4,57,5.5,MS
2015,5,61.3,1.8,MS
2015,6,69.1,2.3,MS
2015,7,72.6,2.8,MS
2015,8,68.5,-0.4,MS
2015,9,64.2,0.9,MS
2015,10,54.3,3.1,MS
2015,11,49.3,7.8,MS
2015,12,46.5,10.5,MS
2016,1,33.1,-1.3,MS
2016,2,39.2,2.1,MS
2016,3,48.9,5.1,MS
2016,4,53.9,2.4,MS
2016,5,59.4,-0.1,MS
2016,6,69.5,2.7,MS
2016,7,72.2,2.4,MS
2016,8,72.6,3.7,MS
2016,9,67,3.7,MS
2016,10,54.4,3.2,MS
2016,11,44,2.5,MS
2016,12,39.3,3.3,MS
2017,1,43.3,8.9,MS
2017,2,45.1,8,MS
2017,3,48.6,4.8,MS
2017,4,55,3.5,MS
2017,5,59,-0.5,MS
2017,6,67.7,0.9,MS
2017,7,71.6,1.8,MS
2017,8,70.5,1.6,MS
2017,9,63.3,0,MS
2017,10,53.6,2.4,MS
2017,11,44.8,3.3,MS
2017,12,37,1,MS
2018,1,29.2,-5.2,MS
2018,2,46.9,9.8,MS
2018,3,45.4,1.6,MS
2018,4,46,-5.5,MS
2018,5,64,4.5,MS
2018,6,70.4,3.6,MS
2018,7,71.8,2,MS
2018,8,69.9,1,MS
2018,9,69.8,6.5,MS
2018,10,56.6,5.4,MS
2018,11,40.9,-0.6,MS
2018,12,39.8,3.8,MS
2019,1,36.6,2.2,MS
2019,2,45.2,8.1,MS
2019,3,43,-0.8,MS
2019,4,51.6,0.1,MS
2019,5,64,4.5,MS
2019,6,68,1.2,MS
2019,7,71.2,1.4,MS
2019,8,71.3,2.4,MS
2019,9,68.8,5.5,MS
2019,10,56,4.8,MS
2019,11,37.7,-3.8,MS
2019,12,40.6,4.6,MS
2020,1,40.5,6.1,MS
2020,2,41.6,4.5,MS
2020,3,54.3,10.5,MS
2020,4,51.4,-0.1,MS
2020,5,59.1,-0.4,MS
2020,6,68.1,1.3,MS
2020,7,72.9,3.1,MS
2020,8,70.1,1.2,MS
2020,9,66,2.7,MS
2020,10,54.3,3.1,MS
2020,11,45.8,4.3,MS
2020,12,35.2,-0.8,MS
2021,1,37,2.6,MS
2021,2,33.8,-3.3,MS
2021,3,48.2,4.4,MS
2021,4,49.4,-2.1,MS
2021,5,59.2,-0.3,MS
2021,6,68.5,1.7,MS
2021,7,71.3,1.5,MS
2021,8,71.2,2.3,MS
2021,9,64.5,1.2,MS
2021,10,57.3,6.1,MS
2021,11,39.6,-1.9,MS
2021,12,48.1,12.1,MS
2022,1,31.7,-2.7,MS
2022,2,36.2,-0.9,MS
2022,3,43.4,-0.4,MS
2022,4,51.3,-0.2,MS
2022,5,63.6,4.1,MS
2022,6,69.8,3,MS
2022,7,72.6,2.8,MS
2022,8,70.9,2,MS
2022,9,62.4,-0.9,MS
2022,10,48,-3.2,MS
2022,11,43.6,2.1,MS
2022,12,40.7,4.7,MS
2023,1,41.9,7.5,MS
2023,2,45,7.9,MS
2023,3,47.5,3.7,MS
2023,4,52.5,1,MS
2023,5,61.3,1.8,MS
2023,6,68,1.2,MS
2023,7,72.4,2.6,MS
2023,8,72.9,4,MS
2023,9,65.5,2.2,MS
2023,10,53.7,2.5,MS
2023,11,43.5,2,MS
2023,12,38.3,2.3,MS
2024,1,32.4,-2,MS
2024,2,42.2,5.1,MS
2024,3,47.5,3.7,MS
2024,4,55.1,3.6,MS
2024,5,65.6,6.1,MS
2024,6,69.3,2.5,MS
2024,7,72.6,2.8,MS
2024,8,70.2,1.3,MS
2024,9,66.3,3,MS
1996,1,31.7,-2.5,AL
1996,2,35.4,-1,AL
1996,3,39,-3.9,AL
1996,4,46.3,-3.8,AL
1996,5,60.5,2.2,AL
1996,6,66,0.2,AL
1996,7,69,0.2,AL
1996,8,67.7,-0.3,AL
1996,9,61.3,-1.6,AL
1996,10,50.9,0,AL
1996,11,41.5,0.6,AL
1996,12,37.7,2.3,AL
1997,1,35.8,1.6,AL
1997,2,40.8,4.4,AL
1997,3,48.4,5.5,AL
1997,4,46.1,-4,AL
1997,5,55.1,-3.2,AL
1997,6,65,-0.8,AL
1997,7,70,1.2,AL
1997,8,67,-1,AL
1997,9,62.4,-0.5,AL
1997,10,50.5,-0.4,AL
1997,11,39.2,-1.7,AL
1997,12,34.7,-0.7,AL
1998,1,37.8,3.6,AL
1998,2,38.7,2.3,AL
1998,3,42.1,-0.8,AL
1998,4,49.7,-0.4,AL
1998,5,60.8,2.5,AL
1998,6,69,3.2,AL
1998,7,71.7,2.9,AL
1998,8,68.7,0.7,AL
1998,9,66.5,3.6,AL
1998,10,53.6,2.7,AL
1998,11,46.2,5.3,AL
1998,12,42,6.6,AL
1999,1,37.4,3.2,AL
1999,2,39.9,3.5,AL
1999,3,39.5,-3.4,AL
1999,4,54.9,4.8,AL
1999,5,56.6,-1.7,AL
1999,6,67.1,1.3,AL
1999,7,70.5,1.7,AL
1999,8,69.5,1.5,AL
1999,9,59.8,-3.1,AL
1999,10,50.5,-0.4,AL
1999,11,42.2,1.3,AL
1999,12,34.6,-0.8,AL
2000,1,35.9,1.7,AL
2000,2,38.4,2,AL
2000,3,45.6,2.7,AL
2000,4,46.8,-3.3,AL
2000,5,61.6,3.3,AL
2000,6,65.7,-0.1,AL
2000,7,68.9,0.1,AL
2000,8,68.2,0.2,AL
2000,9,62.6,-0.3,AL
2000,10,49.6,-1.3,AL
2000,11,42,1.1,AL
2000,12,28.6,-6.8,AL
2001,1,29.9,-4.3,AL
2001,2,41,4.6,AL
2001,3,41.1,-1.8,AL
2001,4,52.4,2.3,AL
2001,5,57.8,-0.5,AL
2001,6,65.6,-0.2,AL
2001,7,69.4,0.6,AL
2001,8,68.8,0.8,AL
2001,9,61.2,-1.7,AL
2001,10,46.8,-4.1,AL
2001,11,44.1,3.2,AL
2001,12,39.1,3.7,AL
2002,1,35.3,1.1,AL
2002,2,33.3,-3.1,AL
2002,3,41.6,-1.3,AL
2002,4,54.8,4.7,AL
2002,5,58.2,-0.1,AL
2002,6,65.9,0.1,AL
2002,7,69.8,1,AL
2002,8,68.6,0.6,AL
2002,9,67.7,4.8,AL
2002,10,59.7,8.8,AL
2002,11,39.9,-1,AL
2002,12,34.1,-1.3,AL
2003,1,28.4,-5.8,AL
2003,2,37.2,0.8,AL
2003,3,46.9,4,AL
2003,4,50.8,0.7,AL
2003,5,61.6,3.3,AL
2003,6,65.7,-0.1,AL
2003,7,69.2,0.4,AL
2003,8,69.9,1.9,AL
2003,9,61.6,-1.3,AL
2003,10,51.1,0.2,AL
2003,11,45.6,4.7,AL
2003,12,31.6,-3.8,AL
2004,1,32.6,-1.6,AL
2004,2,36,-0.4,AL
2004,3,45.4,2.5,AL
2004,4,47.1,-3,AL
2004,5,61.3,3,AL
2004,6,67.9,2.1,AL
2004,7,68.8,0,AL
2004,8,65.6,-2.4,AL
2004,9,63.9,1,AL
2004,10,58.5,7.6,AL
2004,11,48,7.1,AL
2004,12,33.4,-2,AL
2005,1,38.1,3.9,AL
2005,2,40.8,4.4,AL
2005,3,41.7,-1.2,AL
2005,4,47.8,-2.3,AL
2005,5,55.3,-3,AL
2005,6,66.9,1.1,AL
2005,7,71.2,2.4,AL
2005,8,71,3,AL
2005,9,65.2,2.3,AL
2005,10,51.1,0.2,AL
2005,11,42.7,1.8,AL
2005,12,31.3,-4.1,AL
2006,1,39.2,5,AL
2006,2,34.8,-1.6,AL
2006,3,43,0.1,AL
2006,4,53.7,3.6,AL
2006,5,58.5,0.2,AL
2006,6,64.7,-1.1,AL
2006,7,69.8,1,AL
2006,8,71,3,AL
2006,9,60.7,-2.2,AL
2006,10,48.8,-2.1,AL
2006,11,39.8,-1.1,AL
2006,12,36.9,1.5,AL
2007,1,36.4,2.2,AL
2007,2,32.1,-4.3,AL
2007,3,45.4,2.5,AL
2007,4,46.8,-3.3,AL
2007,5,57,-1.3,AL
2007,6,65.8,0,AL
2007,7,69.2,0.4,AL
2007,8,71.9,3.9,AL
2007,9,64.5,1.6,AL
2007,10,54.6,3.7,AL
2007,11,39.9,-1,AL
2007,12,40.6,5.2,AL
2008,1,32.1,-2.1,AL
2008,2,36.1,-0.3,AL
2008,3,41.2,-1.7,AL
2008,4,50.6,0.5,AL
2008,5,58.5,0.2,AL
2008,6,66.8,1,AL
2008,7,68.4,-0.4,AL
2008,8,68.4,0.4,AL
2008,9,64.2,1.3,AL
2008,10,50,-0.9,AL
2008,11,37.5,-3.4,AL
2008,12,39.1,3.7,AL
2009,1,33.8,-0.4,AL
2009,2,34.8,-1.6,AL
2009,3,45.6,2.7,AL
2009,4,48.6,-1.5,AL
2009,5,62.2,3.9,AL
2009,6,68,2.2,AL
2009,7,67.3,-1.5,AL
2009,8,68.1,0.1,AL
2009,9,66.6,3.7,AL
2009,10,52.9,2,AL
2009,11,41.2,0.3,AL
2009,12,35.5,0.1,AL
2010,1,29.2,-5,AL
2010,2,30.3,-6.1,AL
2010,3,39.7,-3.2,AL
2010,4,49.7,-0.4,AL
2010,5,62.3,4,AL
2010,6,70.1,4.3,AL
2010,7,71.9,3.1,AL
2010,8,72.6,4.6,AL
2010,9,63.1,0.2,AL
2010,10,48.4,-2.5,AL
2010,11,42.3,1.4,AL
2010,12,28.9,-6.5,AL
2011,1,30.2,-4,AL
2011,2,37.2,0.8,AL
2011,3,45.6,2.7,AL
2011,4,52.6,2.5,AL
2011,5,56.8,-1.5,AL
2011,6,68.5,2.7,AL
2011,7,71.4,2.6,AL
2011,8,69.4,1.4,AL
2011,9,60.9,-2,AL
2011,10,46.6,-4.3,AL
2011,11,43.1,2.2,AL
2011,12,38.4,3,AL
2012,1,38,3.8,AL
2012,2,41.8,5.4,AL
2012,3,52.8,9.9,AL
2012,4,52.4,2.3,AL
2012,5,61.4,3.1,AL
2012,6,65.3,-0.5,AL
2012,7,70.9,2.1,AL
2012,8,68.3,0.3,AL
2012,9,61.9,-1,AL
2012,10,50,-0.9,AL
2012,11,37,-3.9,AL
2012,12,40,4.6,AL
2013,1,40.3,6.1,AL
2013,2,37.2,0.8,AL
2013,3,37.2,-5.7,AL
2013,4,50,-0.1,AL
2013,5,56.8,-1.5,AL
2013,6,68.2,2.4,AL
2013,7,69.2,0.4,AL
2013,8,68.6,0.6,AL
2013,9,63.8,0.9,AL
2013,10,53.5,2.6,AL
2013,11,40,-0.9,AL
2013,12,37.6,2.2,AL
2014,1,24.7,-9.5,AL
2014,2,35.9,-0.5,AL
2014,3,39.6,-3.3,AL
2014,4,50.1,0,AL
2014,5,58.2,-0.1,AL
2014,6,67.9,2.1,AL
2014,7,67.2,-1.6,AL
2014,8,67.9,-0.1,AL
2014,9,65.7,2.8,AL
2014,10,52,1.1,AL
2014,11,35.3,-5.6,AL
2014,12,39.8,4.4,AL
2015,1,32.5,-1.7,AL
2015,2,30,-6.4,AL
2015,3,46.8,3.9,AL
2015,4,55.5,5.4,AL
2015,5,60,1.7,AL
2015,6,68.2,2.4,AL
2015,7,71.2,2.4,AL
2015,8,68.2,0.2,AL
2015,9,63.6,0.7,AL
2015,10,53.4,2.5,AL
2015,11,49.1,8.2,AL
2015,12,47,11.6,AL
2016,1,32.6,-1.6,AL
2016,2,38.2,1.8,AL
2016,3,47.9,5,AL
2016,4,51.3,1.2,AL
2016,5,58.5,0.2,AL
2016,6,67.5,1.7,AL
2016,7,71.1,2.3,AL
2016,8,71.7,3.7,AL
2016,9,66.3,3.4,AL
2016,10,53.6,2.7,AL
2016,11,42.6,1.7,AL
2016,12,39.6,4.2,AL
2017,1,42,7.8,AL
2017,2,43.3,6.9,AL
2017,3,46.1,3.2,AL
2017,4,54,3.9,AL
2017,5,57.9,-0.4,AL
2017,6,66.8,1,AL
2017,7,70.5,1.7,AL
2017,8,69.4,1.4,AL
2017,9,62.4,-0.5,AL
2017,10,54.4,3.5,AL
2017,11,43.1,2.2,AL
2017,12,37,1.6,AL
2018,1,29,-5.2,AL
2018,2,47.9,11.5,AL
2018,3,43.2,0.3,AL
2018,4,46.2,-3.9,AL
2018,5,62.7,4.4,AL
2018,6,68.7,2.9,AL
2018,7,70.8,2,AL
2018,8,69.4,1.4,AL
2018,9,69.6,6.7,AL
2018,10,56.7,5.8,AL
2018,11,40.1,-0.8,AL
2018,12,40,4.6,AL
2019,1,36.5,2.3,AL
2019,2,46.2,9.8,AL
2019,3,43.1,0.2,AL
2019,4,50.8,0.7,AL
2019,5,62.5,4.2,AL
2019,6,67.4,1.6,AL
2019,7,70.2,1.4,AL
2019,8,69.7,1.7,AL
2019,9,67,4.1,AL
2019,10,56.9,6,AL
2019,11,37.5,-3.4,AL
2019,12,41.4,6,AL
2020,1,39.2,5,AL
2020,2,40.7,4.3,AL
2020,3,53.2,10.3,AL
2020,4,49.4,-0.7,AL
2020,5,57,-1.3,AL
2020,6,66.7,0.9,AL
2020,7,71,2.2,AL
2020,8,70.4,2.4,AL
2020,9,65,2.1,AL
2020,10,55.8,4.9,AL
2020,11,46.4,5.5,AL
2020,12,33.8,-1.6,AL
2021,1,36.7,2.5,AL
2021,2,35.8,-0.6,AL
2021,3,47.7,4.8,AL
2021,4,48.7,-1.4,AL
2021,5,57.7,-0.6,AL
2021,6,67.2,1.4,AL
2021,7,70.1,1.3,AL
2021,8,70.6,2.6,AL
2021,9,64.2,1.3,AL
2021,10,56.9,6,AL
2021,11,38.8,-2.1,AL
2021,12,45.7,10.3,AL
2022,1,32,-2.2,AL
2022,2,37.3,0.9,AL
2022,3,43.7,0.8,AL
2022,4,49.6,-0.5,AL
2022,5,62.3,4,AL
2022,6,68.9,3.1,AL
2022,7,71.8,3,AL
2022,8,70.3,2.3,AL
2022,9,62.3,-0.6,AL
2022,10,47,-3.9,AL
2022,11,43.8,2.9,AL
2022,12,39.5,4.1,AL
2023,1,40.4,6.2,AL
2023,2,45.5,9.1,AL
2023,3,46.1,3.2,AL
2023,4,51,0.9,AL
2023,5,59.1,0.8,AL
2023,6,65.5,-0.3,AL
2023,7,70.6,1.8,AL
2023,8,70.5,2.5,AL
2023,9,64.1,1.2,AL
2023,10,52.6,1.7,AL
2023,11,42.6,1.7,AL
2023,12,37.5,2.1,AL
2024,1,32.3,-1.9,AL
2024,2,39.9,3.5,AL
2024,3,46.6,3.7,AL
2024,4,52.1,2,AL
2024,5,63.4,5.1,AL
2024,6,67.5,1.7,AL
2024,7,71.6,2.8,AL
2024,8,68.7,0.7,AL
2024,9,65.8,2.9,AL
1996,1,44.3,-2.3,FL
1996,2,46,-1.9,FL
1996,3,49.3,-3.2,FL
1996,4,55.8,-1.6,FL
1996,5,66,2.5,FL
1996,6,69.3,0.1,FL
1996,7,72.8,1.5,FL
1996,8,71.2,-0.3,FL
1996,9,69.3,-0.4,FL
1996,10,62.3,0.2,FL
1996,11,53.8,0.5,FL
1996,12,48.3,0.6,FL
1997,1,47.9,1.3,FL
1997,2,53,5.1,FL
1997,3,59.4,6.9,FL
1997,4,56.9,-0.5,FL
1997,5,64,0.5,FL
1997,6,69.3,0.1,FL
1997,7,72.2,0.9,FL
1997,8,71.8,0.3,FL
1997,9,69.8,0.1,FL
1997,10,61.5,-0.6,FL
1997,11,53.1,-0.2,FL
1997,12,49.2,1.5,FL
1998,1,50.4,3.8,FL
1998,2,49.5,1.6,FL
1998,3,51.2,-1.3,FL
1998,4,58.6,1.2,FL
1998,5,65.5,2,FL
1998,6,72.4,3.2,FL
1998,7,73.8,2.5,FL
1998,8,73.2,1.7,FL
1998,9,72.7,3,FL
1998,10,65.2,3.1,FL
1998,11,59.5,6.2,FL
1998,12,54.2,6.5,FL
1999,1,48.6,2,FL
1999,2,49.6,1.7,FL
1999,3,48.9,-3.6,FL
1999,4,60.4,3,FL
1999,5,62.7,-0.8,FL
1999,6,70.2,1,FL
1999,7,72.6,1.3,FL
1999,8,73.5,2,FL
1999,9,69.4,-0.3,FL
1999,10,63.7,1.6,FL
1999,11,54.4,1.1,FL
1999,12,47.6,-0.1,FL
2000,1,46.5,-0.1,FL
2000,2,47.6,-0.3,FL
2000,3,55.2,2.7,FL
2000,4,55.1,-2.3,FL
2000,5,64.9,1.4,FL
2000,6,69.5,0.3,FL
2000,7,72.1,0.8,FL
2000,8,71.7,0.2,FL
2000,9,70.7,1,FL
2000,10,59.3,-2.8,FL
2000,11,51.5,-1.8,FL
2000,12,45,-2.7,FL
2001,1,39.7,-6.9,FL
2001,2,53.6,5.7,FL
2001,3,53.2,0.7,FL
2001,4,57.5,0.1,FL
2001,5,62.5,-1,FL
2001,6,69.9,0.7,FL
2001,7,72.4,1.1,FL
2001,8,72.1,0.6,FL
2001,9,68.8,-0.9,FL
2001,10,61.3,-0.8,FL
2001,11,56.9,3.6,FL
2001,12,53.6,5.9,FL
2002,1,48.1,1.5,FL
2002,2,47.7,-0.2,FL
2002,3,54.2,1.7,FL
2002,4,62.6,5.2,FL
2002,5,65.1,1.6,FL
2002,6,70.5,1.3,FL
2002,7,72.3,1,FL
2002,8,71.8,0.3,FL
2002,9,72.7,3,FL
2002,10,66.9,4.8,FL
2002,11,51.7,-1.6,FL
2002,12,45.9,-1.8,FL
2003,1,39.3,-7.3,FL
2003,2,49.4,1.5,FL
2003,3,60.1,7.6,FL
2003,4,57.9,0.5,FL
2003,5,67.8,4.3,FL
2003,6,71.5,2.3,FL
2003,7,72.4,1.1,FL
2003,8,72.7,1.2,FL
2003,9,70,0.3,FL
2003,10,63.6,1.5,FL
2003,11,57.9,4.6,FL
2003,12,43.8,-3.9,FL
2004,1,44.4,-2.2,FL
2004,2,49.2,1.3,FL
2004,3,53.7,1.2,FL
2004,4,54.6,-2.8,FL
2004,5,64.8,1.3,FL
2004,6,71.2,2,FL
2004,7,72,0.7,FL
2004,8,72.6,1.1,FL
2004,9,72,2.3,FL
2004,10,65,2.9,FL
2004,11,56.8,3.5,FL
2004,12,46.9,-0.8,FL
2005,1,49.2,2.6,FL
2005,2,49.8,1.9,FL
2005,3,52.1,-0.4,FL
2005,4,54.2,-3.2,FL
2005,5,63.5,0,FL
2005,6,71.8,2.6,FL
2005,7,74.7,3.4,FL
2005,8,74.4,2.9,FL
2005,9,71.6,1.9,FL
2005,10,64.2,2.1,FL
2005,11,56.7,3.4,FL
2005,12,46,-1.7,FL
2006,1,49.1,2.5,FL
2006,2,46.1,-1.8,FL
2006,3,52.1,-0.4,FL
2006,4,60.2,2.8,FL
2006,5,63.4,-0.1,FL
2006,6,70,0.8,FL
2006,7,72.2,0.9,FL
2006,8,73.3,1.8,FL
2006,9,69.7,0,FL
2006,10,60.5,-1.6,FL
2006,11,52.4,-0.9,FL
2006,12,54.4,6.7,FL
2007,1,51.4,4.8,FL
2007,2,46.2,-1.7,FL
2007,3,54,1.5,FL
2007,4,55.9,-1.5,FL
2007,5,63,-0.5,FL
2007,6,69.8,0.6,FL
2007,7,72.8,1.5,FL
2007,8,74.1,2.6,FL
2007,9,71.3,1.6,FL
2007,10,67.8,5.7,FL
2007,11,53.1,-0.2,FL
2007,12,53.4,5.7,FL
2008,1,47.3,0.7,FL
2008,2,50.9,3,FL
2008,3,52.8,0.3,FL
2008,4,57.9,0.5,FL
2008,5,65,1.5,FL
2008,6,70.4,1.2,FL
2008,7,72,0.7,FL
2008,8,73.2,1.7,FL
2008,9,70.8,1.1,FL
2008,10,61.2,-0.9,FL
2008,11,49.5,-3.8,FL
2008,12,50.8,3.1,FL
2009,1,45,-1.6,FL
2009,2,44.3,-3.6,FL
2009,3,53.1,0.6,FL
2009,4,57.6,0.2,FL
2009,5,66.5,3,FL
2009,6,72,2.8,FL
2009,7,72.5,1.2,FL
2009,8,73.2,1.7,FL
2009,9,71.8,2.1,FL
2009,10,65.4,3.3,FL
2009,11,55.6,2.3,FL
2009,12,50.9,3.2,FL
2010,1,40.9,-5.7,FL
2010,2,41.8,-6.1,FL
2010,3,47.4,-5.1,FL
2010,4,57.9,0.5,FL
2010,5,68.4,4.9,FL
2010,6,73,3.8,FL
2010,7,74.4,3.1,FL
2010,8,75.1,3.6,FL
2010,9,71.2,1.5,FL
2010,10,59.6,-2.5,FL
2010,11,52.8,-0.5,FL
2010,12,37.1,-10.6,FL
2011,1,43.3,-3.3,FL
2011,2,50.2,2.3,FL
2011,3,53.9,1.4,FL
2011,4,60.2,2.8,FL
2011,5,63.7,0.2,FL
2011,6,70.7,1.5,FL
2011,7,73.3,2,FL
2011,8,74.1,2.6,FL
2011,9,70.1,0.4,FL
2011,10,59.8,-2.3,FL
2011,11,55.6,2.3,FL
2011,12,52,4.3,FL
2012,1,46.5,-0.1,FL
2012,2,54.1,6.2,FL
2012,3,58.8,6.3,FL
2012,4,59,1.6,FL
2012,5,66.5,3,FL
2012,6,70.3,1.1,FL
2012,7,72.8,1.5,FL
2012,8,73,1.5,FL
2012,9,70.5,0.8,FL
2012,10,63.7,1.6,FL
2012,11,50.5,-2.8,FL
2012,12,50.7,3,FL
2013,1,53.2,6.6,FL
2013,2,50.3,2.4,FL
2013,3,46.3,-6.2,FL
2013,4,60.3,2.9,FL
2013,5,63,-0.5,FL
2013,6,72.3,3.1,FL
2013,7,72.7,1.4,FL
2013,8,73.5,2,FL
2013,9,71.1,1.4,FL
2013,10,64,1.9,FL
2013,11,57.7,4.4,FL
2013,12,54.5,6.8,FL
2014,1,43.5,-3.1,FL
2014,2,51.8,3.9,FL
2014,3,52.2,-0.3,FL
2014,4,59.4,2,FL
2014,5,65,1.5,FL
2014,6,70.3,1.1,FL
2014,7,72.5,1.2,FL
2014,8,73.3,1.8,FL
2014,9,71.2,1.5,FL
2014,10,61.3,-0.8,FL
2014,11,49.6,-3.7,FL
2014,12,51.3,3.6,FL
2015,1,48.1,1.5,FL
2015,2,45.3,-2.6,FL
2015,3,58.9,6.4,FL
2015,4,65.4,8,FL
2015,5,66.4,2.9,FL
2015,6,71.7,2.5,FL
2015,7,73.4,2.1,FL
2015,8,73.3,1.8,FL
2015,9,71.6,1.9,FL
2015,10,65,2.9,FL
2015,11,63.1,9.8,FL
2015,12,60.8,13.1,FL
2016,1,47.2,0.6,FL
2016,2,47.9,0,FL
2016,3,58.2,5.7,FL
2016,4,60,2.6,FL
2016,5,64.9,1.4,FL
2016,6,72.2,3,FL
2016,7,74.2,2.9,FL
2016,8,74.1,2.6,FL
2016,9,72.1,2.4,FL
2016,10,64.4,2.3,FL
2016,11,54.6,1.3,FL
2016,12,55.6,7.9,FL
2017,1,51.4,4.8,FL
2017,2,53.1,5.2,FL
2017,3,54.2,1.7,FL
2017,4,60.2,2.8,FL
2017,5,65.4,1.9,FL
2017,6,72.1,2.9,FL
2017,7,73.9,2.6,FL
2017,8,74.3,2.8,FL
2017,9,71.5,1.8,FL
2017,10,65.9,3.8,FL
2017,11,56.8,3.5,FL
2017,12,51.1,3.4,FL
2018,1,44.1,-2.5,FL
2018,2,59.2,11.3,FL
2018,3,50.4,-2.1,FL
2018,4,58.3,0.9,FL
2018,5,67,3.5,FL
2018,6,72.2,3,FL
2018,7,73.5,2.2,FL
2018,8,73.3,1.8,FL
2018,9,73.7,4,FL
2018,10,66.8,4.7,FL
2018,11,56.4,3.1,FL
2018,12,52,4.3,FL
2019,1,47.2,0.6,FL
2019,2,57.4,9.5,FL
2019,3,54.6,2.1,FL
2019,4,59.6,2.2,FL
2019,5,68,4.5,FL
2019,6,72.9,3.7,FL
2019,7,73.5,2.2,FL
2019,8,74.5,3,FL
2019,9,72.3,2.6,FL
2019,10,68.8,6.7,FL
2019,11,54.1,0.8,FL
2019,12,54,6.3,FL
2020,1,50.8,4.2,FL
2020,2,52.5,4.6,FL
2020,3,59.4,6.9,FL
2020,4,61.9,4.5,FL
2020,5,64.6,1.1,FL
2020,6,71.8,2.6,FL
2020,7,74,2.7,FL
2020,8,74.3,2.8,FL
2020,9,72.5,2.8,FL
2020,10,68.7,6.6,FL
2020,11,61.8,8.5,FL
2020,12,45.8,-1.9,FL
2021,1,48,1.4,FL
2021,2,53,5.1,FL
2021,3,56.9,4.4,FL
2021,4,58.5,1.1,FL
2021,5,64.9,1.4,FL
2021,6,71.9,2.7,FL
2021,7,73.6,2.3,FL
2021,8,74.3,2.8,FL
2021,9,71.1,1.4,FL
2021,10,65.9,3.8,FL
2021,11,52.7,-0.6,FL
2021,12,56,8.3,FL
2022,1,46.5,-0.1,FL
2022,2,51.6,3.7,FL
2022,3,57,4.5,FL
2022,4,60.8,3.4,FL
2022,5,67,3.5,FL
2022,6,72.1,2.9,FL
2022,7,74.2,2.9,FL
2022,8,73.9,2.4,FL
2022,9,71,1.3,FL
2022,10,60.6,-1.5,FL
2022,11,60.8,7.5,FL
2022,12,51.2,3.5,FL
2023,1,49.8,3.2,FL
2023,2,55.8,7.9,FL
2023,3,57.2,4.7,FL
2023,4,62.3,4.9,FL
2023,5,65.3,1.8,FL
2023,6,70.7,1.5,FL
2023,7,74.8,3.5,FL
2023,8,75.5,4,FL
2023,9,71,1.3,FL
2023,10,63.4,1.3,FL
2023,11,56.9,3.6,FL
2023,12,52.1,4.4,FL
2024,1,48.2,1.6,FL
2024,2,48.7,0.8,FL
2024,3,57.9,5.4,FL
2024,4,58.2,0.8,FL
2024,5,68.9,5.4,FL
2024,6,72.7,3.5,FL
2024,7,75,3.7,FL
2024,8,74.7,3.2,FL
2024,9,73.2,3.5,FL
1996,1,32.6,-2.5,GA
1996,2,36.5,-0.3,GA
1996,3,39.5,-3.7,GA
1996,4,47.2,-3,GA
1996,5,60.4,1.9,GA
1996,6,65.3,-0.4,GA
1996,7,69.8,1.1,GA
1996,8,67.9,-0.2,GA
1996,9,62.4,-1,GA
1996,10,51.1,-0.9,GA
1996,11,41,-0.9,GA
1996,12,37.1,1.2,GA
1997,1,37.5,2.4,GA
1997,2,41.4,4.6,GA
1997,3,49.8,6.6,GA
1997,4,47,-3.2,GA
1997,5,54.7,-3.8,GA
1997,6,64.2,-1.5,GA
1997,7,69.7,1,GA
1997,8,66.6,-1.5,GA
1997,9,63,-0.4,GA
1997,10,52.9,0.9,GA
1997,11,40.4,-1.5,GA
1997,12,37.1,1.2,GA
1998,1,39.2,4.1,GA
1998,2,39.8,3,GA
1998,3,42.4,-0.8,GA
1998,4,50.8,0.6,GA
1998,5,62.2,3.7,GA
1998,6,68.3,2.6,GA
1998,7,71.7,3,GA
1998,8,68.3,0.2,GA
1998,9,65.9,2.5,GA
1998,10,54.1,2.1,GA
1998,11,48.1,6.2,GA
1998,12,42.7,6.8,GA
1999,1,37.3,2.2,GA
1999,2,39.6,2.8,GA
1999,3,39.6,-3.6,GA
1999,4,54.4,4.2,GA
1999,5,56.8,-1.7,GA
1999,6,66.2,0.5,GA
1999,7,70.3,1.6,GA
1999,8,70.1,2,GA
1999,9,60.8,-2.6,GA
1999,10,53.1,1.1,GA
1999,11,44.4,2.5,GA
1999,12,35.3,-0.6,GA
2000,1,35.2,0.1,GA
2000,2,37.4,0.6,GA
2000,3,46,2.8,GA
2000,4,47.2,-3,GA
2000,5,60.9,2.4,GA
2000,6,65.4,-0.3,GA
2000,7,68.8,0.1,GA
2000,8,68.2,0.1,GA
2000,9,63.1,-0.3,GA
2000,10,49.5,-2.5,GA
2000,11,41.8,-0.1,GA
2000,12,30,-5.9,GA
2001,1,31,-4.1,GA
2001,2,41.6,4.8,GA
2001,3,42.7,-0.5,GA
2001,4,51.2,1,GA
2001,5,57.5,-1,GA
2001,6,66.1,0.4,GA
2001,7,69.2,0.5,GA
2001,8,69.1,1,GA
2001,9,61.2,-2.2,GA
2001,10,47.6,-4.4,GA
2001,11,45.8,3.9,GA
2001,12,40.9,5,GA
2002,1,36.1,1,GA
2002,2,35.2,-1.6,GA
2002,3,43,-0.2,GA
2002,4,56,5.8,GA
2002,5,57.4,-1.1,GA
2002,6,66.3,0.6,GA
2002,7,69.9,1.2,GA
2002,8,68.3,0.2,GA
2002,9,67.7,4.3,GA
2002,10,59.6,7.6,GA
2002,11,40.8,-1.1,GA
2002,12,34.7,-1.2,GA
2003,1,30.6,-4.5,GA
2003,2,37.7,0.9,GA
2003,3,48.7,5.5,GA
2003,4,50.8,0.6,GA
2003,5,61.3,2.8,GA
2003,6,65.9,0.2,GA
2003,7,69.5,0.8,GA
2003,8,70,1.9,GA
2003,9,62.2,-1.2,GA
2003,10,52.6,0.6,GA
2003,11,46.5,4.6,GA
2003,12,31.6,-4.3,GA
2004,1,32.5,-2.6,GA
2004,2,36.5,-0.3,GA
2004,3,45.4,2.2,GA
2004,4,47.7,-2.5,GA
2004,5,61.5,3,GA
2004,6,68.1,2.4,GA
2004,7,69.6,0.9,GA
2004,8,67.6,-0.5,GA
2004,9,64.9,1.5,GA
2004,10,58,6,GA
2004,11,47.1,5.2,GA
2004,12,34.8,-1.1,GA
2005,1,38.1,3,GA
2005,2,40.3,3.5,GA
2005,3,42,-1.2,GA
2005,4,47.7,-2.5,GA
2005,5,55.7,-2.8,GA
2005,6,67.3,1.6,GA
2005,7,71.6,2.9,GA
2005,8,71.3,3.2,GA
2005,9,65.6,2.2,GA
2005,10,54.9,2.9,GA
2005,11,44,2.1,GA
2005,12,33,-2.9,GA
2006,1,39.8,4.7,GA
2006,2,36,-0.8,GA
2006,3,43,-0.2,GA
2006,4,53.3,3.1,GA
2006,5,58,-0.5,GA
2006,6,64.7,-1,GA
2006,7,69.2,0.5,GA
2006,8,71,2.9,GA
2006,9,62.3,-1.1,GA
2006,10,49.6,-2.4,GA
2006,11,41.6,-0.3,GA
2006,12,39.6,3.7,GA
2007,1,38.9,3.8,GA
2007,2,34,-2.8,GA
2007,3,45.9,2.7,GA
2007,4,47,-3.2,GA
2007,5,56.4,-2.1,GA
2007,6,65.8,0.1,GA
2007,7,68.5,-0.2,GA
2007,8,71.7,3.6,GA
2007,9,64.9,1.5,GA
2007,10,56.8,4.8,GA
2007,11,40,-1.9,GA
2007,12,41.4,5.5,GA
2008,1,34.2,-0.9,GA
2008,2,37.1,0.3,GA
2008,3,41.6,-1.6,GA
2008,4,50.3,0.1,GA
2008,5,57.8,-0.7,GA
2008,6,66.9,1.2,GA
2008,7,68.6,-0.1,GA
2008,8,69.3,1.2,GA
2008,9,64.3,0.9,GA
2008,10,50.6,-1.4,GA
2008,11,38.8,-3.1,GA
2008,12,40.7,4.8,GA
2009,1,34.8,-0.3,GA
2009,2,34,-2.8,GA
2009,3,44.6,1.4,GA
2009,4,49.4,-0.8,GA
2009,5,61.8,3.3,GA
2009,6,68.5,2.8,GA
2009,7,67.6,-1.1,GA
2009,8,68.8,0.7,GA
2009,9,65.5,2.1,GA
2009,10,54.1,2.1,GA
2009,11,44,2.1,GA
2009,12,36.4,0.5,GA
2010,1,30.8,-4.3,GA
2010,2,31.8,-5,GA
2010,3,40.5,-2.7,GA
2010,4,49.9,-0.3,GA
2010,5,62.4,3.9,GA
2010,6,69.9,4.2,GA
2010,7,71.3,2.6,GA
2010,8,72.6,4.5,GA
2010,9,63.6,0.2,GA
2010,10,50.2,-1.8,GA
2010,11,41.3,-0.6,GA
2010,12,28.3,-7.6,GA
2011,1,30.8,-4.3,GA
2011,2,39.1,2.3,GA
2011,3,45.6,2.4,GA
2011,4,51.9,1.7,GA
2011,5,57.4,-1.1,GA
2011,6,68,2.3,GA
2011,7,71.2,2.5,GA
2011,8,70,1.9,GA
2011,9,62.4,-1,GA
2011,10,48.7,-3.3,GA
2011,11,43.4,1.5,GA
2011,12,39.7,3.8,GA
2012,1,37.5,2.4,GA
2012,2,41.3,4.5,GA
2012,3,52.8,9.6,GA
2012,4,52.6,2.4,GA
2012,5,61.7,3.2,GA
2012,6,64.3,-1.4,GA
2012,7,71.1,2.4,GA
2012,8,68.6,0.5,GA
2012,9,63,-0.4,GA
2012,10,53.3,1.3,GA
2012,11,39.4,-2.5,GA
2012,12,41.4,5.5,GA
2013,1,41.5,6.4,GA
2013,2,37.5,0.7,GA
2013,3,38,-5.2,GA
2013,4,50.6,0.4,GA
2013,5,57,-1.5,GA
2013,6,68.2,2.5,GA
2013,7,69.9,1.2,GA
2013,8,69.2,1.1,GA
2013,9,64.4,1,GA
2013,10,53.6,1.6,GA
2013,11,41.6,-0.3,GA
2013,12,40.7,4.8,GA
2014,1,28.3,-6.8,GA
2014,2,38.1,1.3,GA
2014,3,40.4,-2.8,GA
2014,4,50.6,0.4,GA
2014,5,59,0.5,GA
2014,6,67.6,1.9,GA
2014,7,68.4,-0.3,GA
2014,8,68,-0.1,GA
2014,9,66.3,2.9,GA
2014,10,52.4,0.4,GA
2014,11,36.6,-5.3,GA
2014,12,40.3,4.4,GA
2015,1,34.1,-1,GA
2015,2,31.9,-4.9,GA
2015,3,47.5,4.3,GA
2015,4,56.4,6.2,GA
2015,5,59.9,1.4,GA
2015,6,68.2,2.5,GA
2015,7,70.8,2.1,GA
2015,8,69.4,1.3,GA
2015,9,64.7,1.3,GA
2015,10,54.2,2.2,GA
2015,11,49.8,7.9,GA
2015,12,48.8,12.9,GA
2016,1,33.8,-1.3,GA
2016,2,38.2,1.4,GA
2016,3,48.5,5.3,GA
2016,4,51.4,1.2,GA
2016,5,58.6,0.1,GA
2016,6,67.9,2.2,GA
2016,7,71.3,2.6,GA
2016,8,71.2,3.1,GA
2016,9,66,2.6,GA
2016,10,54.3,2.3,GA
2016,11,43.6,1.7,GA
2016,12,41.6,5.7,GA
2017,1,42.2,7.1,GA
2017,2,43.2,6.4,GA
2017,3,45,1.8,GA
2017,4,54.6,4.4,GA
2017,5,59.4,0.9,GA
2017,6,67.2,1.5,GA
2017,7,70.6,1.9,GA
2017,8,70,1.9,GA
2017,9,63.1,-0.3,GA
2017,10,55.5,3.5,GA
2017,11,43.9,2,GA
2017,12,39.5,3.6,GA
2018,1,30.8,-4.3,GA
2018,2,48.9,12.1,GA
2018,3,42,-1.2,GA
2018,4,47.4,-2.8,GA
2018,5,62.7,4.2,GA
2018,6,68.6,2.9,GA
2018,7,70.6,1.9,GA
2018,8,69.6,1.5,GA
2018,9,69.6,6.2,GA
2018,10,57.2,5.2,GA
2018,11,42.8,0.9,GA
2018,12,40.9,5,GA
2019,1,37.8,2.7,GA
2019,2,45.3,8.5,GA
2019,3,44.1,0.9,GA
2019,4,51.7,1.5,GA
2019,5,63.5,5,GA
2019,6,67.4,1.7,GA
2019,7,70.2,1.5,GA
2019,8,70.2,2.1,GA
2019,9,66.2,2.8,GA
2019,10,58.6,6.6,GA
2019,11,40.6,-1.3,GA
2019,12,41.8,5.9,GA
2020,1,41.1,6,GA
2020,2,41.5,4.7,GA
2020,3,52.3,9.1,GA
2020,4,50.1,-0.1,GA
2020,5,57.5,-1,GA
2020,6,66.5,0.8,GA
2020,7,71,2.3,GA
2020,8,70.6,2.5,GA
2020,9,65.2,1.8,GA
2020,10,57.8,5.8,GA
2020,11,48.8,6.9,GA
2020,12,34.1,-1.8,GA
2021,1,37.5,2.4,GA
2021,2,38.8,2,GA
2021,3,47.6,4.4,GA
2021,4,48.5,-1.7,GA
2021,5,56.7,-1.8,GA
2021,6,66.9,1.2,GA
2021,7,70,1.3,GA
2021,8,70.8,2.7,GA
2021,9,63.2,-0.2,GA
2021,10,56.4,4.4,GA
2021,11,39.1,-2.8,GA
2021,12,45.2,9.3,GA
2022,1,34.3,-0.8,GA
2022,2,39.9,3.1,GA
2022,3,45.6,2.4,GA
2022,4,49.1,-1.1,GA
2022,5,61.2,2.7,GA
2022,6,68,2.3,GA
2022,7,71.4,2.7,GA
2022,8,70,1.9,GA
2022,9,62.8,-0.6,GA
2022,10,48,-4,GA
2022,11,46.3,4.4,GA
2022,12,38.7,2.8,GA
2023,1,39.9,4.8,GA
2023,2,46.4,9.6,GA
2023,3,46.8,3.6,GA
2023,4,51.4,1.2,GA
2023,5,58.7,0.2,GA
2023,6,64.8,-0.9,GA
2023,7,71.1,2.4,GA
2023,8,70.8,2.7,GA
2023,9,63.5,0.1,GA
2023,10,52.5,0.5,GA
2023,11,44,2.1,GA
2023,12,38.8,2.9,GA
2024,1,34,-1.1,GA
2024,2,39.5,2.7,GA
2024,3,47.4,4.2,GA
2024,4,52.4,2.2,GA
2024,5,62.7,4.2,GA
2024,6,67.7,2,GA
2024,7,72,3.3,GA
2024,8,69.4,1.3,GA
2024,9,66.2,2.8,GA
1996,1,27.1,-2,AR
1996,2,31.9,-0.5,AR
1996,3,34.3,-5.6,AR
1996,4,45.5,-3.4,AR
1996,5,62.3,4.9,AR
1996,6,65.7,0.3,AR
1996,7,69.2,0.3,AR
1996,8,67.3,-0.4,AR
1996,9,58.9,-2,AR
1996,10,49.2,0.2,AR
1996,11,38.1,-0.4,AR
1996,12,34.6,3.1,AR
1997,1,28.8,-0.3,AR
1997,2,37.1,4.7,AR
1997,3,42.4,2.5,AR
1997,4,44.5,-4.4,AR
1997,5,53.7,-3.7,AR
1997,6,64.1,-1.3,AR
1997,7,70.1,1.2,AR
1997,8,66.6,-1.1,AR
1997,9,60.9,0,AR
1997,10,48.9,-0.1,AR
1997,11,38.1,-0.4,AR
1997,12,32.2,0.7,AR
1998,1,36.2,7.1,AR
1998,2,36.8,4.4,AR
1998,3,39.9,0,AR
1998,4,47.7,-1.2,AR
1998,5,61.2,3.8,AR
1998,6,69.2,3.8,AR
1998,7,72.8,3.9,AR
1998,8,69.6,1.9,AR
1998,9,66.5,5.6,AR
1998,10,52.4,3.4,AR
1998,11,43.9,5.4,AR
1998,12,34.6,3.1,AR
1999,1,32.4,3.3,AR
1999,2,38.1,5.7,AR
1999,3,38.4,-1.5,AR
1999,4,52.8,3.9,AR
1999,5,56.5,-0.9,AR
1999,6,66.8,1.4,AR
1999,7,71.2,2.3,AR
1999,8,67.6,-0.1,AR
1999,9,58.1,-2.8,AR
1999,10,47.5,-1.5,AR
1999,11,42.2,3.7,AR
1999,12,32.8,1.3,AR
2000,1,31.7,2.6,AR
2000,2,37,4.6,AR
2000,3,43.6,3.7,AR
2000,4,47.4,-1.5,AR
2000,5,60.8,3.4,AR
2000,6,65.6,0.2,AR
2000,7,69,0.1,AR
2000,8,70.3,2.6,AR
2000,9,60.2,-0.7,AR
2000,10,51.1,2.1,AR
2000,11,37.7,-0.8,AR
2000,12,22.9,-8.6,AR
2001,1,27.5,-1.6,AR
2001,2,35.6,3.2,AR
2001,3,37.8,-2.1,AR
2001,4,54.2,5.3,AR
2001,5,58.4,1,AR
2001,6,64.7,-0.7,AR
2001,7,71.6,2.7,AR
2001,8,69.8,2.1,AR
2001,9,59.3,-1.6,AR
2001,10,46,-3,AR
2001,11,43.1,4.6,AR
2001,12,35.3,3.8,AR
2002,1,31.6,2.5,AR
2002,2,31,-1.4,AR
2002,3,36.7,-3.2,AR
2002,4,52.4,3.5,AR
2002,5,56.7,-0.7,AR
2002,6,66.1,0.7,AR
2002,7,70.7,1.8,AR
2002,8,69.2,1.5,AR
2002,9,63.6,2.7,AR
2002,10,51.6,2.6,AR
2002,11,37.2,-1.3,AR
2002,12,33.2,1.7,AR
2003,1,26.2,-2.9,AR
2003,2,31.4,-1,AR
2003,3,39.5,-0.4,AR
2003,4,49.1,0.2,AR
2003,5,59.5,2.1,AR
2003,6,63.3,-2.1,AR
2003,7,69.7,0.8,AR
2003,8,70.1,2.4,AR
2003,9,59.1,-1.8,AR
2003,10,50.4,1.4,AR
2003,11,44.5,6,AR
2003,12,31.9,0.4,AR
2004,1,31,1.9,AR
2004,2,31,-1.4,AR
2004,3,44.7,4.8,AR
2004,4,49.4,0.5,AR
2004,5,61,3.6,AR
2004,6,66.8,1.4,AR
2004,7,68.2,-0.7,AR
2004,8,64.5,-3.2,AR
2004,9,60.1,-0.8,AR
2004,10,55.8,6.8,AR
2004,11,45.9,7.4,AR
2004,12,30.2,-1.3,AR
2005,1,36.2,7.1,AR
2005,2,38.3,5.9,AR
2005,3,38.8,-1.1,AR
2005,4,49.1,0.2,AR
2005,5,55,-2.4,AR
2005,6,66,0.6,AR
2005,7,69.4,0.5,AR
2005,8,70.5,2.8,AR
2005,9,64.7,3.8,AR
2005,10,48.9,-0.1,AR
2005,11,41.8,3.3,AR
2005,12,28.7,-2.8,AR
2006,1,35.8,6.7,AR
2006,2,30.1,-2.3,AR
2006,3,41.8,1.9,AR
2006,4,54.4,5.5,AR
2006,5,59,1.6,AR
2006,6,64.6,-0.8,AR
2006,7,69.2,0.3,AR
2006,8,70.8,3.1,AR
2006,9,56.9,-4,AR
2006,10,47.7,-1.3,AR
2006,11,39.9,1.4,AR
2006,12,34.5,3,AR
2007,1,31.1,2,AR
2007,2,30.4,-2,AR
2007,3,47.4,7.5,AR
2007,4,45.6,-3.3,AR
2007,5,60,2.6,AR
2007,6,66.8,1.4,AR
2007,7,68.1,-0.8,AR
2007,8,71.5,3.8,AR
2007,9,63.4,2.5,AR
2007,10,52.8,3.8,AR
2007,11,41.3,2.8,AR
2007,12,33.9,2.4,AR
2008,1,28.6,-0.5,AR
2008,2,32.9,0.5,AR
2008,3,40.1,0.2,AR
2008,4,47.4,-1.5,AR
2008,5,57,-0.4,AR
2008,6,67.5,2.1,AR
2008,7,69.1,0.2,AR
2008,8,68,0.3,AR
2008,9,61.3,0.4,AR
2008,10,47.5,-1.5,AR
2008,11,37.5,-1,AR
2008,12,29.9,-1.6,AR
2009,1,27.8,-1.3,AR
2009,2,35.8,3.4,AR
2009,3,42.1,2.2,AR
2009,4,48.4,-0.5,AR
2009,5,58.2,0.8,AR
2009,6,67.9,2.5,AR
2009,7,67.5,-1.4,AR
2009,8,66.3,-1.4,AR
2009,9,62.6,1.7,AR
2009,10,47.9,-1.1,AR
2009,11,42.8,4.3,AR
2009,12,29.4,-2.1,AR
2010,1,27.6,-1.5,AR
2010,2,28,-4.4,AR
2010,3,38.7,-1.2,AR
2010,4,51,2.1,AR
2010,5,60.4,3,AR
2010,6,71.1,5.7,AR
2010,7,72.2,3.3,AR
2010,8,72.1,4.4,AR
2010,9,62.5,1.6,AR
2010,10,47.1,-1.9,AR
2010,11,40.3,1.8,AR
2010,12,28.8,-2.7,AR
2011,1,27.5,-1.6,AR
2011,2,33.5,1.1,AR
2011,3,41.7,1.8,AR
2011,4,51.4,2.5,AR
2011,5,56.8,-0.6,AR
2011,6,70.2,4.8,AR
2011,7,73,4.1,AR
2011,8,71.3,3.6,AR
2011,9,57.1,-3.8,AR
2011,10,46.4,-2.6,AR
2011,11,43.8,5.3,AR
2011,12,34,2.5,AR
2012,1,33.4,4.3,AR
2012,2,37.6,5.2,AR
2012,3,50.4,10.5,AR
2012,4,52.8,3.9,AR
2012,5,61.2,3.8,AR
2012,6,65.1,-0.3,AR
2012,7,72.4,3.5,AR
2012,8,68,0.3,AR
2012,9,62.5,1.6,AR
2012,10,47.9,-1.1,AR
2012,11,37,-1.5,AR
2012,12,36.3,4.8,AR
2013,1,32.6,3.5,AR
2013,2,33.4,1,AR
2013,3,35.7,-4.2,AR
2013,4,46.7,-2.2,AR
2013,5,56.7,-0.7,AR
2013,6,66.7,1.3,AR
2013,7,66.9,-2,AR
2013,8,68,0.3,AR
2013,9,62.8,1.9,AR
2013,10,51.3,2.3,AR
2013,11,37,-1.5,AR
2013,12,30.6,-0.9,AR
2014,1,23,-6.1,AR
2014,2,28.3,-4.1,AR
2014,3,34.2,-5.7,AR
2014,4,48,-0.9,AR
2014,5,57.7,0.3,AR
2014,6,67.9,2.5,AR
2014,7,65.4,-3.5,AR
2014,8,68.2,0.5,AR
2014,9,62,1.1,AR
2014,10,51.8,2.8,AR
2014,11,34.3,-4.2,AR
2014,12,36.6,5.1,AR
2015,1,28,-1.1,AR
2015,2,26.1,-6.3,AR
2015,3,40.3,0.4,AR
2015,4,52.1,3.2,AR
2015,5,59.4,2,AR
2015,6,68.5,3.1,AR
2015,7,72.3,3.4,AR
2015,8,66.7,-1,AR
2015,9,62.8,1.9,AR
2015,10,51.1,2.1,AR
2015,11,44.8,6.3,AR
2015,12,39.2,7.7,AR
2016,1,29.6,0.5,AR
2016,2,35.7,3.3,AR
2016,3,44.2,4.3,AR
2016,4,51.5,2.6,AR
2016,5,56.7,-0.7,AR
2016,6,68.7,3.3,AR
2016,7,72,3.1,AR
2016,8,71.5,3.8,AR
2016,9,64.2,3.3,AR
2016,10,54.5,5.5,AR
2016,11,43.6,5.1,AR
2016,12,32.8,1.3,AR
2017,1,36.1,7,AR
2017,2,41.3,8.9,AR
2017,3,44.2,4.3,AR
2017,4,53,4.1,AR
2017,5,56.4,-1,AR
2017,6,65.7,0.3,AR
2017,7,70.5,1.6,AR
2017,8,68.3,0.6,AR
2017,9,61.4,0.5,AR
2017,10,49.8,0.8,AR
2017,11,42.4,3.9,AR
2017,12,32.4,0.9,AR
2018,1,25.3,-3.8,AR
2018,2,36,3.6,AR
2018,3,42.2,2.3,AR
2018,4,43,-5.9,AR
2018,5,63.8,6.4,AR
2018,6,69.2,3.8,AR
2018,7,71,2.1,AR
2018,8,68.8,1.1,AR
2018,9,66.2,5.3,AR
2018,10,52.8,3.8,AR
2018,11,35.7,-2.8,AR
2018,12,35.6,4.1,AR
2019,1,32,2.9,AR
2019,2,36.6,4.2,AR
2019,3,38.2,-1.7,AR
2019,4,49.7,0.8,AR
2019,5,60.5,3.1,AR
2019,6,65.5,0.1,AR
2019,7,69.4,0.5,AR
2019,8,70.5,2.8,AR
2019,9,68.4,7.5,AR
2019,10,49.3,0.3,AR
2019,11,34.8,-3.7,AR
2019,12,35.3,3.8,AR
2020,1,35.3,6.2,AR
2020,2,35.4,3,AR
2020,3,47.1,7.2,AR
2020,4,47.8,-1.1,AR
2020,5,56.4,-1,AR
2020,6,66.1,0.7,AR
2020,7,71.9,3,AR
2020,8,67.5,-0.2,AR
2020,9,62.6,1.7,AR
2020,10,48.4,-0.6,AR
2020,11,41.9,3.4,AR
2020,12,31.8,0.3,AR
2021,1,32.6,3.5,AR
2021,2,26,-6.4,AR
2021,3,43.2,3.3,AR
2021,4,46.8,-2.1,AR
2021,5,56.6,-0.8,AR
2021,6,67.2,1.8,AR
2021,7,69.3,0.4,AR
2021,8,70.7,3,AR
2021,9,62.1,1.2,AR
2021,10,54.3,5.3,AR
2021,11,37,-1.5,AR
2021,12,42.8,11.3,AR
2022,1,26.6,-2.5,AR
2022,2,30,-2.4,AR
2022,3,39.1,-0.8,AR
2022,4,48.5,-0.4,AR
2022,5,60.6,3.2,AR
2022,6,67.1,1.7,AR
2022,7,72.6,3.7,AR
2022,8,69.8,2.1,AR
2022,9,60.8,-0.1,AR
2022,10,47.1,-1.9,AR
2022,11,39,0.5,AR
2022,12,34.5,3,AR
2023,1,36.5,7.4,AR
2023,2,38.8,6.4,AR
2023,3,42.2,2.3,AR
2023,4,48.7,-0.2,AR
2023,5,59,1.6,AR
2023,6,66,0.6,AR
2023,7,70.9,2,AR
2023,8,70.6,2.9,AR
2023,9,62.7,1.8,AR
2023,10,52.3,3.3,AR
2023,11,40.4,1.9,AR
2023,12,35.2,3.7,AR
2024,1,26.9,-2.2,AR
2024,2,39.8,7.4,AR
2024,3,43.8,3.9,AR
2024,4,52.6,3.7,AR
2024,5,63.2,5.8,AR
2024,6,67.8,2.4,AR
2024,7,70.3,1.4,AR
2024,8,68.9,1.2,AR
2024,9,63.1,2.2,AR
1996,1,31.9,-1.7,SC
1996,2,33.6,-0.8,SC
1996,3,35.2,-1.6,SC
1996,4,38.4,-1.5,SC
1996,5,42.6,-0.9,SC
1996,6,46.4,-0.8,SC
1996,7,49.8,-0.5,SC
1996,8,52.1,-0.5,SC
1996,9,53.2,-0.5,SC
1996,10,52.9,-0.5,SC
1996,11,51.6,-0.7,SC
1996,12,50.3,-0.5,SC
1997,1,35.4,1.8,SC
1997,2,37.3,2.9,SC
1997,3,40.8,4,SC
1997,4,42.1,2.2,SC
1997,5,44.2,0.7,SC
1997,6,47.6,0.4,SC
1997,7,50.7,0.4,SC
1997,8,52.7,0.1,SC
1997,9,53.8,0.1,SC
1997,10,53.6,0.2,SC
1997,11,52.3,0,SC
1997,12,50.9,0.1,SC
1998,1,38.1,4.5,SC
1998,2,38.7,4.3,SC
1998,3,39.6,2.8,SC
1998,4,42.4,2.5,SC
1998,5,46.1,2.6,SC
1998,6,49.8,2.6,SC
1998,7,52.9,2.6,SC
1998,8,54.8,2.2,SC
1998,9,55.8,2.1,SC
1998,10,55.5,2.1,SC
1998,11,54.6,2.3,SC
1998,12,53.4,2.6,SC
1999,1,36.3,2.7,SC
1999,2,36.6,2.2,SC
1999,3,37,0.2,SC
1999,4,41.1,1.2,SC
1999,5,44.1,0.6,SC
1999,6,47.6,0.4,SC
1999,7,50.9,0.6,SC
1999,8,53.4,0.8,SC
1999,9,54.1,0.4,SC
1999,10,53.9,0.5,SC
1999,11,53,0.7,SC
1999,12,51.4,0.6,SC
2000,1,32.9,-0.7,SC
2000,2,34.3,-0.1,SC
2000,3,37.7,0.9,SC
2000,4,40.2,0.3,SC
2000,5,44.2,0.7,SC
2000,6,47.9,0.7,SC
2000,7,50.9,0.6,SC
2000,8,53.1,0.5,SC
2000,9,54.1,0.4,SC
2000,10,53.5,0.1,SC
2000,11,52.3,0,SC
2000,12,50.3,-0.5,SC
2001,1,31.4,-2.2,SC
2001,2,35.5,1.1,SC
2001,3,37.2,0.4,SC
2001,4,40.5,0.6,SC
2001,5,43.9,0.4,SC
2001,6,47.7,0.5,SC
2001,7,50.6,0.3,SC
2001,8,53,0.4,SC
2001,9,53.8,0.1,SC
2001,10,53.1,-0.3,SC
2001,11,52.3,0,SC
2001,12,51.3,0.5,SC
2002,1,34.9,1.3,SC
2002,2,34.8,0.4,SC
2002,3,37.5,0.7,SC
2002,4,41.9,2,SC
2002,5,44.7,1.2,SC
2002,6,48.3,1.1,SC
2002,7,51.5,1.2,SC
2002,8,53.6,1,SC
2002,9,55.1,1.4,SC
2002,10,55.4,2,SC
2002,11,54,1.7,SC
2002,12,52.3,1.5,SC
2003,1,30.1,-3.5,SC
2003,2,32.9,-1.5,SC
2003,3,37.4,0.6,SC
2003,4,40.6,0.7,SC
2003,5,44.5,1,SC
2003,6,48,0.8,SC
2003,7,51.1,0.8,SC
2003,8,53.6,1,SC
2003,9,54.5,0.8,SC
2003,10,54.2,0.8,SC
2003,11,53.4,1.1,SC
2003,12,51.5,0.7,SC
2004,1,30.8,-2.8,SC
2004,2,32.4,-2,SC
2004,3,36.1,-0.7,SC
2004,4,39.2,-0.7,SC
2004,5,43.8,0.3,SC
2004,6,48,0.8,SC
2004,7,51.1,0.8,SC
2004,8,53.2,0.6,SC
2004,9,54.5,0.8,SC
2004,10,54.7,1.3,SC
2004,11,53.9,1.6,SC
2004,12,52.1,1.3,SC
2005,1,36.3,2.7,SC
2005,2,36.9,2.5,SC
2005,3,38,1.2,SC
2005,4,40.3,0.4,SC
2005,5,43.3,-0.2,SC
2005,6,47.3,0.1,SC
2005,7,50.8,0.5,SC
2005,8,53.4,0.8,SC
2005,9,54.8,1.1,SC
2005,10,54.7,1.3,SC
2005,11,53.6,1.3,SC
2005,12,51.9,1.1,SC
2006,1,38.7,5.1,SC
2006,2,36.9,2.5,SC
2006,3,38.6,1.8,SC
2006,4,42,2.1,SC
2006,5,44.8,1.3,SC
2006,6,48.2,1,SC
2006,7,51.2,0.9,SC
2006,8,53.7,1.1,SC
2006,9,54.6,0.9,SC
2006,10,54.1,0.7,SC
2006,11,52.9,0.6,SC
2006,12,51.8,1,SC
2007,1,37.5,3.9,SC
2007,2,35.1,0.7,SC
2007,3,38.3,1.5,SC
2007,4,40.5,0.6,SC
2007,5,43.5,0,SC
2007,6,47.2,0,SC
2007,7,50.2,-0.1,SC
2007,8,53,0.4,SC
2007,9,54.2,0.5,SC
2007,10,54.5,1.1,SC
2007,11,53.2,0.9,SC
2007,12,52.1,1.3,SC
2008,1,33.1,-0.5,SC
2008,2,35.4,1,SC
2008,3,37.4,0.6,SC
2008,4,40.5,0.6,SC
2008,5,43.6,0.1,SC
2008,6,47.6,0.4,SC
2008,7,50.6,0.3,SC
2008,8,52.9,0.3,SC
2008,9,54.2,0.5,SC
2008,10,53.7,0.3,SC
2008,11,52.3,0,SC
2008,12,51.3,0.5,SC
2009,1,33.4,-0.2,SC
2009,2,33.6,-0.8,SC
2009,3,36.7,-0.1,SC
2009,4,39.7,-0.2,SC
2009,5,44,0.5,SC
2009,6,48,0.8,SC
2009,7,50.8,0.5,SC
2009,8,53.2,0.6,SC
2009,9,54.4,0.7,SC
2009,10,54.1,0.7,SC
2009,11,53.3,1,SC
2009,12,51.8,1,SC
2010,1,29.4,-4.2,SC
2010,2,30.1,-4.3,SC
2010,3,33.4,-3.4,SC
2010,4,37.6,-2.3,SC
2010,5,42.5,-1,SC
2010,6,47.2,0,SC
2010,7,50.7,0.4,SC
2010,8,53.4,0.8,SC
2010,9,54.6,0.9,SC
2010,10,54.2,0.8,SC
2010,11,53,0.7,SC
2010,12,50.8,0,SC
2011,1,29.5,-4.1,SC
2011,2,33.9,-0.5,SC
2011,3,37.1,0.3,SC
2011,4,40.8,0.9,SC
2011,5,44.5,1,SC
2011,6,48.5,1.3,SC
2011,7,51.8,1.5,SC
2011,8,54.1,1.5,SC
2011,9,55.1,1.4,SC
2011,10,54.5,1.1,SC
2011,11,53.3,1,SC
2011,12,52.1,1.3,SC
2012,1,36,2.4,SC
2012,2,37.3,2.9,SC
2012,3,41.9,5.1,SC
2012,4,44.3,4.4,SC
2012,5,47.8,4.3,SC
2012,6,50.4,3.2,SC
2012,7,53.5,3.2,SC
2012,8,55.4,2.8,SC
2012,9,56.2,2.5,SC
2012,10,55.9,2.5,SC
2012,11,54.3,2,SC
2012,12,53.2,2.4,SC
2013,1,38.8,5.2,SC
2013,2,37.2,2.8,SC
2013,3,36.8,0,SC
2013,4,40.2,0.3,SC
2013,5,43.5,0,SC
2013,6,47.6,0.4,SC
2013,7,50.9,0.6,SC
2013,8,53.1,0.5,SC
2013,9,54.2,0.5,SC
2013,10,54.1,0.7,SC
2013,11,52.7,0.4,SC
2013,12,51.6,0.8,SC
2014,1,27.9,-5.7,SC
2014,2,32.3,-2.1,SC
2014,3,34,-2.8,SC
2014,4,38.2,-1.7,SC
2014,5,42.4,-1.1,SC
2014,6,46.6,-0.6,SC
2014,7,49.8,-0.5,SC
2014,8,52.1,-0.5,SC
2014,9,53.7,0,SC
2014,10,53.5,0.1,SC
2014,11,52,-0.3,SC
2014,12,50.8,0,SC
2015,1,32.8,-0.8,SC
2015,2,31.3,-3.1,SC
2015,3,35.8,-1,SC
2015,4,40.3,0.4,SC
2015,5,44.1,0.6,SC
2015,6,48.3,1.1,SC
2015,7,51.5,1.2,SC
2015,8,53.7,1.1,SC
2015,9,55,1.3,SC
2015,10,54.7,1.3,SC
2015,11,54.1,1.8,SC
2015,12,53.7,2.9,SC
2016,1,32.6,-1,SC
2016,2,34.9,0.5,SC
2016,3,39.3,2.5,SC
2016,4,42.1,2.2,SC
2016,5,45.5,2,SC
2016,6,49.4,2.2,SC
2016,7,52.7,2.4,SC
2016,8,55.1,2.5,SC
2016,9,56.5,2.8,SC
2016,10,56.2,2.8,SC
2016,11,54.9,2.6,SC
2016,12,53.6,2.8,SC
2017,1,40.7,7.1,SC
2017,2,41.4,7,SC
2017,3,41.6,4.8,SC
2017,4,45.1,5.2,SC
2017,5,48,4.5,SC
2017,6,51.2,4,SC
2017,7,54,3.7,SC
2017,8,56.1,3.5,SC
2017,9,56.9,3.2,SC
2017,10,56.7,3.3,SC
2017,11,55.3,3,SC
2017,12,53.8,3,SC
2018,1,28.4,-5.2,SC
2018,2,37.7,3.3,SC
2018,3,38.6,1.8,SC
2018,4,40.7,0.8,SC
2018,5,45.2,1.7,SC
2018,6,49.2,2,SC
2018,7,52.2,1.9,SC
2018,8,54.5,1.9,SC
2018,9,56.2,2.5,SC
2018,10,56.2,2.8,SC
2018,11,54.9,2.6,SC
2018,12,53.6,2.8,SC
2019,1,36.6,3,SC
2019,2,39.2,4.8,SC
2019,3,40.2,3.4,SC
2019,4,43.1,3.2,SC
2019,5,47.2,3.7,SC
2019,6,50.5,3.3,SC
2019,7,53.3,3,SC
2019,8,55.4,2.8,SC
2019,9,56.7,3,SC
2019,10,56.7,3.3,SC
2019,11,55.2,2.9,SC
2019,12,53.9,3.1,SC
2020,1,40.2,6.6,SC
2020,2,40.6,6.2,SC
2020,3,43.8,7,SC
2020,4,45.3,5.4,SC
2020,5,47.6,4.1,SC
2020,6,50.8,3.6,SC
2020,7,53.8,3.5,SC
2020,8,56,3.4,SC
2020,9,56.9,3.2,SC
2020,10,56.9,3.5,SC
2020,11,56.1,3.8,SC
2020,12,54.2,3.4,SC
2021,1,36.2,2.6,SC
2021,2,36.8,2.4,SC
2021,3,39.8,3,SC
2021,4,41.9,2,SC
2021,5,44.8,1.3,SC
2021,6,48.5,1.3,SC
2021,7,51.6,1.3,SC
2021,8,54,1.4,SC
2021,9,55,1.3,SC
2021,10,55.1,1.7,SC
2021,11,53.6,1.3,SC
2021,12,52.7,1.9,SC
2022,1,32.4,-1.2,SC
2022,2,35.9,1.5,SC
2022,3,38.9,2.1,SC
2022,4,41.4,1.5,SC
2022,5,45.5,2,SC
2022,6,49.1,1.9,SC
2022,7,52.4,2.1,SC
2022,8,54.6,2,SC
2022,9,55.5,1.8,SC
2022,10,54.9,1.5,SC
2022,11,54.1,1.8,SC
2022,12,52.6,1.8,SC
2023,1,39.4,5.8,SC
2023,2,42.2,7.8,SC
2023,3,43.1,6.3,SC
2023,4,45,5.1,SC
2023,5,47.3,3.8,SC
2023,6,50.1,2.9,SC
2023,7,53.1,2.8,SC
2023,8,55.4,2.8,SC
2023,9,56.2,2.5,SC
2023,10,55.7,2.3,SC
2023,11,54.5,2.2,SC
2023,12,53.1,2.3,SC
2024,1,33.8,0.2,SC
2024,2,36,1.6,SC
2024,3,39.4,2.6,SC
2024,4,42.6,2.7,SC
2024,5,46.4,2.9,SC
2024,6,49.9,2.7,SC
2024,7,53.1,2.8,SC
2024,8,55.2,2.6,SC
2024,9,56.4,2.7,SC
1996,1,26,-1.3,TN
1996,2,27.1,-1.3,TN
1996,3,28.7,-2.6,TN
1996,4,31.8,-3,TN
1996,5,36.9,-1.7,TN
1996,6,41.2,-1.3,TN
1996,7,44.6,-1.2,TN
1996,8,47.1,-1,TN
1996,9,48.2,-1,TN
1996,10,48,-0.8,TN
1996,11,46.8,-0.9,TN
1996,12,45.6,-0.5,TN
1997,1,27,-0.3,TN
1997,2,31.3,2.9,TN
1997,3,34.5,3.2,TN
1997,4,35.9,1.1,TN
1997,5,38.5,-0.1,TN
1997,6,42.5,0,TN
1997,7,45.9,0.1,TN
1997,8,48,-0.1,TN
1997,9,49.1,-0.1,TN
1997,10,48.7,-0.1,TN
1997,11,47.5,-0.2,TN
1997,12,46,-0.1,TN
1998,1,34.6,7.3,TN
1998,2,35.4,7,TN
1998,3,36.6,5.3,TN
1998,4,38.9,4.1,TN
1998,5,42.8,4.2,TN
1998,6,46.5,4,TN
1998,7,49.7,3.9,TN
1998,8,51.6,3.5,TN
1998,9,52.6,3.4,TN
1998,10,52.1,3.3,TN
1998,11,50.9,3.2,TN
1998,12,49.5,3.4,TN
1999,1,32,4.7,TN
1999,2,33,4.6,TN
1999,3,33.1,1.8,TN
1999,4,37.3,2.5,TN
1999,5,40.5,1.9,TN
1999,6,44.4,1.9,TN
1999,7,47.9,2.1,TN
1999,8,49.8,1.7,TN
1999,9,50.3,1.1,TN
1999,10,49.7,0.9,TN
1999,11,48.7,1,TN
1999,12,47.2,1.1,TN
2000,1,28.3,1,TN
2000,2,30.9,2.5,TN
2000,3,33.8,2.5,TN
2000,4,36.2,1.4,TN
2000,5,40.4,1.8,TN
2000,6,44.2,1.7,TN
2000,7,47.2,1.4,TN
2000,8,49.5,1.4,TN
2000,9,50.4,1.2,TN
2000,10,50,1.2,TN
2000,11,48.8,1.1,TN
2000,12,46.5,0.4,TN
2001,1,24.4,-2.9,TN
2001,2,29.3,0.9,TN
2001,3,30.9,-0.4,TN
2001,4,35.5,0.7,TN
2001,5,39.4,0.8,TN
2001,6,42.9,0.4,TN
2001,7,46.3,0.5,TN
2001,8,48.9,0.8,TN
2001,9,49.7,0.5,TN
2001,10,49,0.2,TN
2001,11,48,0.3,TN
2001,12,46.9,0.8,TN
2002,1,29.3,2,TN
2002,2,29.2,0.8,TN
2002,3,31.6,0.3,TN
2002,4,35.9,1.1,TN
2002,5,39.2,0.6,TN
2002,6,43.2,0.7,TN
2002,7,46.8,1,TN
2002,8,49.2,1.1,TN
2002,9,50.6,1.4,TN
2002,10,50.8,2,TN
2002,11,49.4,1.7,TN
2002,12,47.8,1.7,TN
2003,1,22.4,-4.9,TN
2003,2,26.4,-2,TN
2003,3,30.8,-0.5,TN
2003,4,35,0.2,TN
2003,5,39.3,0.7,TN
2003,6,42.7,0.2,TN
2003,7,46.1,0.3,TN
2003,8,48.7,0.6,TN
2003,9,49.6,0.4,TN
2003,10,49.2,0.4,TN
2003,11,48.5,0.8,TN
2003,12,46.9,0.8,TN
2004,1,26.4,-0.9,TN
2004,2,28.1,-0.3,TN
2004,3,32.4,1.1,TN
2004,4,35.6,0.8,TN
2004,5,40.3,1.7,TN
2004,6,44.3,1.8,TN
2004,7,47.4,1.6,TN
2004,8,49.1,1,TN
2004,9,50.2,1,TN
2004,10,50.4,1.6,TN
2004,11,49.8,2.1,TN
2004,12,48,1.9,TN
2005,1,34,6.7,TN
2005,2,34.4,6,TN
2005,3,34.8,3.5,TN
2005,4,37.5,2.7,TN
2005,5,40,1.4,TN
2005,6,43.9,1.4,TN
2005,7,47.5,1.7,TN
2005,8,50.1,2,TN
2005,9,51.2,2,TN
2005,10,50.7,1.9,TN
2005,11,49.5,1.8,TN
2005,12,47.6,1.5,TN
2006,1,34.3,7,TN
2006,2,31.4,3,TN
2006,3,33.5,2.2,TN
2006,4,37.8,3,TN
2006,5,41,2.4,TN
2006,6,44.4,1.9,TN
2006,7,47.6,1.8,TN
2006,8,50.2,2.1,TN
2006,9,50.8,1.6,TN
2006,10,50.2,1.4,TN
2006,11,48.9,1.2,TN
2006,12,47.5,1.4,TN
2007,1,30.9,3.6,TN
2007,2,28.2,-0.2,TN
2007,3,33.2,1.9,TN
2007,4,35.6,0.8,TN
2007,5,39.4,0.8,TN
2007,6,43.3,0.8,TN
2007,7,46.4,0.6,TN
2007,8,49.3,1.2,TN
2007,9,50.5,1.3,TN
2007,10,50.6,1.8,TN
2007,11,49.3,1.6,TN
2007,12,48.1,2,TN
2008,1,26.3,-1,TN
2008,2,29.1,0.7,TN
2008,3,31.7,0.4,TN
2008,4,35.2,0.4,TN
2008,5,38.7,0.1,TN
2008,6,42.9,0.4,TN
2008,7,46.1,0.3,TN
2008,8,48.3,0.2,TN
2008,9,49.5,0.3,TN
2008,10,49.1,0.3,TN
2008,11,47.6,-0.1,TN
2008,12,46.2,0.1,TN
2009,1,25.5,-1.8,TN
2009,2,28,-0.4,TN
2009,3,31.8,0.5,TN
2009,4,35.1,0.3,TN
2009,5,39.4,0.8,TN
2009,6,43.6,1.1,TN
2009,7,46.5,0.7,TN
2009,8,48.7,0.6,TN
2009,9,50.2,1,TN
2009,10,49.8,1,TN
2009,11,48.7,1,TN
2009,12,47.1,1,TN
2010,1,24.1,-3.2,TN
2010,2,24.9,-3.5,TN
2010,3,28.9,-2.4,TN
2010,4,33.4,-1.4,TN
2010,5,38.3,-0.3,TN
2010,6,43.2,0.7,TN
2010,7,46.9,1.1,TN
2010,8,49.6,1.5,TN
2010,9,50.6,1.4,TN
2010,10,49.9,1.1,TN
2010,11,48.7,1,TN
2010,12,46.7,0.6,TN
2011,1,25,-2.3,TN
2011,2,28.7,0.3,TN
2011,3,32.5,1.2,TN
2011,4,36.5,1.7,TN
2011,5,40.2,1.6,TN
2011,6,44.3,1.8,TN
2011,7,48,2.2,TN
2011,8,50.2,2.1,TN
2011,9,50.9,1.7,TN
2011,10,50.2,1.4,TN
2011,11,49.3,1.6,TN
2011,12,47.9,1.8,TN
2012,1,31.7,4.4,TN
2012,2,33,4.6,TN
2012,3,37.8,6.5,TN
2012,4,40.2,5.4,TN
2012,5,43.9,5.3,TN
2012,6,46.6,4.1,TN
2012,7,49.9,4.1,TN
2012,8,51.7,3.6,TN
2012,9,52.4,3.2,TN
2012,10,51.7,2.9,TN
2012,11,49.9,2.2,TN
2012,12,48.8,2.7,TN
2013,1,32.2,4.9,TN
2013,2,31.5,3.1,TN
2013,3,31.9,0.6,TN
2013,4,35.2,0.4,TN
2013,5,38.9,0.3,TN
2013,6,43.1,0.6,TN
2013,7,46.3,0.5,TN
2013,8,48.7,0.6,TN
2013,9,49.9,0.7,TN
2013,10,49.7,0.9,TN
2013,11,48.2,0.5,TN
2013,12,46.8,0.7,TN
2014,1,18.5,-8.8,TN
2014,2,23.4,-5,TN
2014,3,26.4,-4.9,TN
2014,4,31.1,-3.7,TN
2014,5,36,-2.6,TN
2014,6,40.9,-1.6,TN
2014,7,44,-1.8,TN
2014,8,46.7,-1.4,TN
2014,9,48.1,-1.1,TN
2014,10,48.2,-0.6,TN
2014,11,46.7,-1,TN
2014,12,45.8,-0.3,TN
2015,1,26.3,-1,TN
2015,2,23.8,-4.6,TN
2015,3,28.4,-2.9,TN
2015,4,33.4,-1.4,TN
2015,5,38,-0.6,TN
2015,6,42.5,0,TN
2015,7,46.3,0.5,TN
2015,8,48.4,0.3,TN
2015,9,49.6,0.4,TN
2015,10,49.5,0.7,TN
2015,11,48.9,1.2,TN
2015,12,48.3,2.2,TN
2016,1,24.9,-2.4,TN
2016,2,29.3,0.9,TN
2016,3,33.5,2.2,TN
2016,4,36.8,2,TN
2016,5,40.3,1.7,TN
2016,6,44.4,1.9,TN
2016,7,47.9,2.1,TN
2016,8,50.6,2.5,TN
2016,9,51.8,2.6,TN
2016,10,51.7,2.9,TN
2016,11,50.5,2.8,TN
2016,12,48.9,2.8,TN
2017,1,36.9,9.6,TN
2017,2,37.2,8.8,TN
2017,3,37.9,6.6,TN
2017,4,41.2,6.4,TN
2017,5,44,5.4,TN
2017,6,47.1,4.6,TN
2017,7,50.1,4.3,TN
2017,8,51.9,3.8,TN
2017,9,52.5,3.3,TN
2017,10,52.1,3.3,TN
2017,11,50.8,3.1,TN
2017,12,49.1,3,TN
2018,1,22.9,-4.4,TN
2018,2,30.9,2.5,TN
2018,3,33.3,2,TN
2018,4,35.2,0.4,TN
2018,5,40.4,1.8,TN
2018,6,44.6,2.1,TN
2018,7,47.9,2.1,TN
2018,8,50.3,2.2,TN
2018,9,52,2.8,TN
2018,10,51.8,3,TN
2018,11,50.3,2.6,TN
2018,12,49,2.9,TN
2019,1,30.9,3.6,TN
2019,2,34.2,5.8,TN
2019,3,34.6,3.3,TN
2019,4,37.7,2.9,TN
2019,5,42,3.4,TN
2019,6,45.5,3,TN
2019,7,48.7,2.9,TN
2019,8,50.9,2.8,TN
2019,9,52.2,3,TN
2019,10,52,3.2,TN
2019,11,50.2,2.5,TN
2019,12,49,2.9,TN
2020,1,34.4,7.1,TN
2020,2,34.4,6,TN
2020,3,38,6.7,TN
2020,4,39.4,4.6,TN
2020,5,42.1,3.5,TN
2020,6,45.6,3.1,TN
2020,7,48.9,3.1,TN
2020,8,51.1,3,TN
2020,9,52.1,2.9,TN
2020,10,51.8,3,TN
2020,11,50.7,3,TN
2020,12,48.9,2.8,TN
2021,1,31.2,3.9,TN
2021,2,29.9,1.5,TN
2021,3,33.9,2.6,TN
2021,4,36.3,1.5,TN
2021,5,39.5,0.9,TN
2021,6,43.6,1.1,TN
2021,7,47,1.2,TN
2021,8,49.5,1.4,TN
2021,9,50.6,1.4,TN
2021,10,50.8,2,TN
2021,11,49.2,1.5,TN
2021,12,48.4,2.3,TN
2022,1,25.3,-2,TN
2022,2,27.8,-0.6,TN
2022,3,31.5,0.2,TN
2022,4,34.7,-0.1,TN
2022,5,39.4,0.8,TN
2022,6,43.4,0.9,TN
2022,7,47.2,1.4,TN
2022,8,49.6,1.5,TN
2022,9,50.4,1.2,TN
2022,10,49.6,0.8,TN
2022,11,48.5,0.8,TN
2022,12,47.1,1,TN
2023,1,35.2,7.9,TN
2023,2,36.8,8.4,TN
2023,3,37.5,6.2,TN
2023,4,39.5,4.7,TN
2023,5,42.5,3.9,TN
2023,6,45.5,3,TN
2023,7,48.6,2.8,TN
2023,8,50.8,2.7,TN
2023,9,51.7,2.5,TN
2023,10,51.4,2.6,TN
2023,11,50.1,2.4,TN
2023,12,48.7,2.6,TN
2024,1,25.8,-1.5,TN
2024,2,30.6,2.2,TN
2024,3,34.1,2.8,TN
2024,4,37.9,3.1,TN
2024,5,42.2,3.6,TN
2024,6,45.9,3.4,TN
2024,7,49.1,3.3,TN
2024,8,51,2.9,TN
2024,9,52.1,2.9,TN